Overall Qual,Year Built,Total Bsmt SF,Gr Liv Area,Garage Area
7.0,1976.0,1090.0,1370.0,479.0
5.0,1967.0,1013.0,2126.0,538.0
4.0,1962.0,1057.902708481825,1224.0,462.0
4.0,1949.0,1057.902708481825,1040.0,420.0
4.0,1920.0,600.0,1701.0,0.0
6.0,1988.0,1151.0,2060.0,521.0
8.0,1998.0,1044.0,1976.0,885.0
6.0,1954.0,1367.0,1375.0,451.0
6.0,1965.0,1021.0,2380.0,596.0
8.0,2007.0,1578.0,1602.0,810.0
5.0,1991.0,974.0,974.0,0.0
8.0,1986.0,279.0,1458.492119089317,691.0
7.0,2004.0,384.0,1374.0,400.0
7.0,2008.0,1450.0,1450.0,788.0
5.0,1935.0,1057.902708481825,1032.0,260.0
7.0,2003.0,530.0,1080.0,496.0
6.0,1954.0,1062.0,1062.0,297.0
8.0,2005.0,1573.0,1778.0,495.0
5.0,1925.0,960.0,995.0,264.0
6.0,1960.0,1253.0,1253.0,352.0
5.0,1956.0,1150.0,1560.0,313.0
6.0,2005.0,547.0,1072.0,525.0
5.0,1949.0,1067.0,1523.0,295.0
7.0,2002.0,840.0,1725.0,550.0
5.0,1921.0,616.0,616.0,205.0
6.0,2004.0,848.0,848.0,420.0
8.0,2004.0,1782.0,1782.0,932.0
6.0,2005.0,1316.0,1316.0,397.0
5.0,1956.0,1144.0,1144.0,596.0
8.0,1999.0,1462.0,1513.0,521.0
7.0,2002.0,1492.0,1492.0,596.0
4.0,1925.0,1151.0,1281.0,580.0
5.0,1952.0,910.0,1385.0,720.0
4.0,1885.0,641.0,1047.0,273.0
7.0,2010.0,1222.0,1222.0,615.0
7.0,2001.0,1057.0,1929.0,650.0
6.0,1934.0,715.0,1660.0,240.0
7.0,2004.0,1143.0,1143.0,588.0
5.0,1956.0,1073.0,1073.0,340.0
8.0,1996.0,1260.0,1288.0,500.0
6.0,1966.0,1182.0,1643.0,438.0
8.0,2005.0,1094.0,2482.0,642.0
5.0,1983.0,864.0,902.0,484.0
7.0,2007.0,1340.0,1340.0,396.0
7.0,2003.0,764.0,1626.0,474.0
6.0,1978.0,1008.0,1096.0,484.0
6.0,1917.0,624.0,1288.0,280.0
5.0,1914.0,747.0,1784.0,180.0
8.0,2006.0,1324.0,1324.0,550.0
6.0,1956.0,1073.0,1811.0,470.0
6.0,1948.0,912.0,1458.0,330.0
8.0,2006.0,1685.0,1685.0,658.0
5.0,1957.0,1617.0,1797.0,463.4402493938345
6.0,1988.0,1461.0,1509.0,600.0
5.0,1968.0,732.0,1464.0,470.0
4.0,1947.0,756.0,1531.0,209.0
6.0,1926.0,818.0,1224.0,210.0
7.0,1980.0,738.0,2044.0,489.0
5.0,1948.0,928.0,1920.0,400.0
6.0,2000.0,756.0,1573.0,440.0
7.0,2008.0,1336.0,1346.0,660.0
7.0,2002.0,1569.0,1611.0,463.4402493938345
6.0,1916.0,816.0,1232.0,440.0
6.0,1958.0,951.0,951.0,480.0
5.0,1934.0,585.0,1112.0,226.0
5.0,1976.0,894.0,894.0,308.0
8.0,2004.0,1052.0,2373.0,632.0
5.0,1930.0,520.0,912.0,360.0
5.0,1980.0,936.0,936.0,672.0
5.0,1955.0,384.0,1360.0,572.0
5.0,1948.0,1027.0,1633.0,240.0
8.0,2006.0,1546.0,1564.0,502.0
6.0,1968.0,976.0,976.0,504.0
5.0,1967.0,894.0,894.0,450.0
7.0,2004.0,788.0,1490.0,388.0
5.0,1930.0,966.0,1426.0,230.0
7.0,2003.0,782.0,1489.0,400.0
7.0,2009.0,846.0,1692.0,650.0
7.0,1971.0,1696.0,1696.0,625.0
6.0,1976.0,855.0,1456.0,460.0
6.0,1926.0,686.0,1461.0,225.0
6.0,1977.0,675.0,1388.0,317.0
5.0,1975.0,924.0,924.0,280.0
6.0,1974.0,1040.0,1309.0,484.0
6.0,1940.0,983.0,1750.0,423.0
8.0,2007.0,1705.0,1718.0,826.0
7.0,2006.0,1461.0,1486.0,566.0
7.0,2007.0,874.0,1761.0,578.0
6.0,1935.0,901.0,1378.0,162.0
6.0,1977.0,975.0,1004.0,504.0
7.0,1996.0,880.0,1716.0,512.0
7.0,1993.0,1050.0,1949.0,574.0
5.0,1900.0,861.0,1367.0,384.0
5.0,1935.0,1024.0,1738.0,240.0
6.0,1923.0,1065.0,1635.0,440.0
4.0,1956.0,882.0,882.0,0.0
9.0,2006.0,1746.0,1746.0,758.0
5.0,1954.0,1112.0,1112.0,390.0
6.0,1976.0,804.0,1548.0,440.0
6.0,1960.0,1560.0,1560.0,580.0
5.0,1916.0,660.0,1656.0,180.0
5.0,1954.0,833.0,833.0,326.0
6.0,1964.0,1248.0,1350.0,520.0
6.0,1941.0,806.0,1578.0,240.0
6.0,1968.0,708.0,1416.0,776.0
7.0,2004.0,1235.0,1245.0,495.0
6.0,1971.0,1587.0,1587.0,525.0
6.0,1988.0,1392.0,1412.0,576.0
5.0,1994.0,1097.0,1097.0,672.0
7.0,2003.0,1760.0,1760.0,583.0
6.0,1967.0,1680.0,1691.0,550.0
6.0,1975.0,976.0,1012.0,0.0
4.0,1970.0,546.0,1092.0,286.0
4.0,1895.0,173.0,1361.0,185.0
3.0,1935.0,270.0,729.0,0.0
7.0,2004.0,1436.0,1436.0,484.0
5.0,1965.0,984.0,984.0,310.0
6.0,1980.0,626.0,1217.0,288.0
7.0,1998.0,723.0,767.0,367.0
6.0,1978.0,888.0,912.0,470.0
8.0,2003.0,1978.0,1978.0,850.0
5.0,1954.0,988.0,988.0,520.0
8.0,2007.0,895.0,1818.0,774.0
7.0,1998.0,384.0,1382.0,396.0
7.0,1940.0,1032.0,2403.0,349.0
6.0,1980.0,516.0,1032.0,452.0
5.0,1940.0,996.0,996.0,0.0
6.0,1937.0,780.0,1375.0,544.0
6.0,1978.0,1032.0,1032.0,564.0
8.0,2005.0,1158.0,2376.0,853.0
7.0,2000.0,384.0,1430.0,400.0
6.0,1995.0,1077.0,1458.492119089317,614.0
5.0,1977.0,1040.0,1040.0,748.0
5.0,1965.0,864.0,864.0,360.0
6.0,1953.0,1040.0,1040.0,293.0
7.0,1977.0,1420.0,1483.0,690.0
7.0,1996.0,691.0,1553.0,420.0
6.101845522898154,1922.0,683.0,904.0,0.0
5.0,1940.0,1580.0,1518.0,0.0
6.0,1995.0,773.0,1658.0,431.0
4.0,1953.0,911.0,930.0,286.0
4.0,1954.0,967.0,1350.0,504.0
8.0,1978.0,1226.0,1226.0,484.0
4.0,1920.0,861.0,861.0,288.0
9.0,2006.0,1652.0,1652.0,840.0
8.0,2008.0,1566.0,1566.0,750.0
6.0,1939.0,780.0,1412.0,280.0
7.0,1999.0,1431.0,1431.0,666.0
7.0,1980.0,430.0,1700.0,450.0
8.0,2001.0,1753.0,1787.0,748.0
6.0,1968.0,1740.0,1740.0,512.0
6.0,1995.0,781.0,1499.0,473.0
6.0,1950.0,856.0,1668.0,271.0
7.0,2002.0,1573.0,1573.0,544.0
8.0,2003.0,1053.0,1992.0,648.0
6.0,1958.0,588.0,1095.0,264.0
5.0,1941.0,720.0,1298.0,256.0
6.0,2005.0,1175.0,1175.0,0.0
4.0,1970.0,546.0,1092.0,286.0
5.0,1972.0,864.0,864.0,338.0
5.0,1955.0,1216.0,1216.0,336.0
8.0,2007.0,1419.0,1419.0,567.0
6.0,1976.0,1029.0,1117.0,672.0
8.0,1998.0,1389.0,2582.0,758.0
5.0,1955.0,1617.0,1867.0,303.0
9.0,2006.0,1905.0,1905.0,788.0
5.0,1920.0,691.0,691.0,216.0
5.0,1948.0,810.0,1456.0,280.0
8.0,2001.0,1267.0,1296.0,471.0
7.0,1974.0,1165.0,2061.0,498.0
6.0,2005.0,704.0,1422.0,440.0
5.0,1984.0,1038.0,1038.0,264.0
3.0,1920.0,798.0,840.0,250.0
9.0,2006.0,1504.0,1531.0,700.0
8.0,2008.0,1614.0,1658.0,726.0
6.0,1992.0,1055.0,1845.0,462.0
8.0,2007.0,896.0,1792.0,590.0
5.0,1953.0,1057.902708481825,1210.0,616.0
8.0,2006.0,1372.0,1448.0,692.0
2.0,1949.0,480.0,480.0,308.0
7.0,1988.0,1157.0,2062.0,454.0
8.0,2005.0,1721.0,1721.0,554.0
7.0,1928.0,861.0,1477.0,216.0
6.0,1974.0,970.0,1026.0,528.0
4.0,1923.0,949.0,1292.0,205.0
4.0,1920.0,592.0,864.0,216.0
5.0,1956.0,1169.0,1144.0,286.0
8.0,1995.0,1230.0,1239.0,477.0
7.0,1996.0,672.0,2037.0,472.0
7.0,2007.0,1232.0,1232.0,632.0
7.0,2007.0,1314.0,1314.0,626.0
5.0,1977.0,894.0,894.0,308.0
5.0,1956.0,1509.0,1509.0,322.0
8.0,1993.0,1338.0,2520.0,796.0
6.0,1915.0,698.0,1396.0,384.0
9.0,2008.0,1739.0,1743.0,927.0
5.0,1958.0,1158.0,1176.0,303.0
6.0,1932.0,854.0,1991.0,432.0
6.0,1966.0,1093.0,1093.0,484.0
5.0,1960.0,1175.0,1175.0,484.0
9.0,1999.0,1393.0,2599.0,779.0
5.0,1959.0,1041.0,1041.0,270.0
7.0,2004.0,1221.0,1221.0,400.0
5.0,1969.0,784.0,1968.0,530.0
8.0,2006.0,1370.0,1370.0,484.0
7.0,1998.0,935.0,1632.0,462.0
5.0,1960.0,1269.0,1269.0,308.0
6.0,1945.0,770.0,1182.0,378.0
9.0,2005.0,1752.0,1752.0,576.0
8.0,1971.64190345772,916.0,1742.0,424.0
8.0,1998.0,1470.0,2630.0,696.0
7.0,2004.0,551.0,1102.0,480.0
4.0,1910.0,560.0,1346.0,384.0
6.0,2005.0,728.0,1456.0,400.0
7.0,1960.0,1329.0,1329.0,441.0
9.0,2008.0,1057.902708481825,2276.0,463.4402493938345
7.0,2003.0,979.0,1932.0,610.0
7.0,1993.0,996.0,2000.0,650.0
6.0,1965.0,1136.0,1136.0,384.0
5.0,1968.0,1056.0,1056.0,304.0
5.0,1977.0,1057.902708481825,1734.0,539.0
5.0,1963.0,1120.0,1128.0,525.0
5.0,1968.0,1196.0,1196.0,336.0
7.0,2005.0,1274.0,1274.0,508.0
5.0,1977.0,1268.0,1268.0,252.0
4.0,1920.0,951.0,1362.0,280.0
6.0,1994.0,702.0,1481.0,343.0
7.0,2007.0,813.0,1665.0,562.0
7.0,2001.0,1257.0,2161.0,570.0
8.0,2007.0,920.0,1780.0,612.0
5.0,1960.0,1556.0,1556.0,0.0
6.0,2006.0,738.0,1495.0,440.0
7.0,2006.0,1258.0,1402.0,648.0
6.0,1958.0,1261.0,1261.0,433.0
5.0,1961.0,1235.0,1235.0,480.0
7.0,1994.0,423.0,1652.0,473.0
7.0,2006.0,1578.0,1578.0,642.0
6.0,2009.0,1212.0,1212.0,460.0
7.0,2005.0,600.0,1200.0,480.0
7.0,1973.0,1107.0,2090.0,484.0
5.0,1900.0,760.0,2168.0,576.0
7.0,1997.0,569.0,1694.0,434.0
7.0,1976.0,1055.0,1055.0,319.0
5.0,2006.0,352.0,1442.0,400.0
8.0,2000.0,1501.0,1659.0,499.0
6.0,1925.0,1103.0,1103.0,440.0
6.0,1993.0,832.0,1710.0,506.0
8.0,2004.0,1057.902708481825,2522.0,564.0
7.0,1987.0,1645.0,1479.0,578.0
8.0,2006.0,1520.0,1567.0,648.0
5.0,1957.0,1176.0,1176.0,292.0
5.0,1920.0,596.0,1192.0,189.0
6.0,1977.0,1057.902708481825,1654.0,528.0
4.0,1900.0,405.0,1039.0,281.0
7.0,1990.0,1216.0,2514.0,693.0
6.0,1972.0,483.0,987.0,288.0
6.0,2004.0,970.0,1709.0,380.0
9.0,2006.0,1686.0,1686.0,899.0
5.0,2004.0,1114.0,1114.0,576.0
8.0,2004.0,1143.0,2473.0,852.0
6.0,1920.0,1510.0,1458.492119089317,520.0
5.0,1983.0,816.0,816.0,264.0
4.0,1970.0,864.0,864.0,280.0
7.0,2003.0,1176.0,1200.0,555.0
5.0,2007.0,1092.0,1092.0,0.0
7.0,1998.0,930.0,1886.0,431.0
8.0,2005.0,1074.0,2064.0,527.0
4.0,1972.0,864.0,864.0,576.0
6.0,2005.0,547.0,1072.0,525.0
3.0,1955.0,1057.902708481825,1733.0,452.0
5.0,1962.0,925.0,999.0,300.0
5.0,1957.0,922.0,922.0,308.0
6.0,1956.0,1436.0,1689.0,480.0
7.0,2004.0,840.0,1720.0,440.0
7.0,2006.0,868.0,2021.0,422.0
6.0,1958.0,1632.0,1650.0,518.0
5.0,1947.0,720.0,1284.0,240.0
7.0,1993.0,740.0,1775.0,425.0
6.0,1997.0,824.0,1786.0,684.0
5.0,1975.0,1076.0,1076.0,576.0
5.0,1964.0,1152.0,1152.0,484.0
5.0,1956.0,1057.902708481825,1014.0,267.0
6.0,2005.0,1362.0,1362.0,460.0
6.0,1971.0,1625.0,1220.0,944.0
6.0,1953.0,1416.0,1644.0,418.0
6.0,1972.0,483.0,987.0,264.0
7.0,2005.0,1248.0,1248.0,438.0
5.0,1969.0,1188.0,1404.0,504.0
5.0,1957.0,1484.0,1600.0,319.0
8.0,1998.0,1284.0,2450.0,463.4402493938345
10.0,2006.0,1057.902708481825,2076.0,850.0
5.0,1999.0,1344.0,1344.0,686.0
6.0,1974.0,1434.0,1434.0,528.0
5.0,1949.0,1001.0,2002.0,871.0
5.0,1968.0,1437.0,1473.0,452.0
6.0,1997.0,813.0,1525.0,400.0
8.0,1989.0,1191.0,1191.0,531.0
7.0,2004.0,1375.0,1414.0,398.0
6.0,1971.64190345772,1008.0,2210.0,205.0
5.0,2006.0,1125.0,1125.0,430.0
8.0,2004.0,1594.0,1646.0,482.0
6.0,1957.0,2035.0,2515.0,484.0
4.0,1964.0,1200.0,1200.0,850.0
5.0,1967.0,912.0,912.0,336.0
8.0,1935.0,608.0,1873.0,786.0
6.0,1950.0,1092.0,1152.0,300.0
8.0,2003.0,1082.0,2400.0,730.0
5.0,1930.0,1078.0,1573.0,360.0
5.0,1940.0,644.0,1355.0,0.0
6.0,1961.0,1362.0,1362.0,504.0
5.0,1961.0,1109.0,1155.0,576.0
8.0,2006.0,1504.0,1504.0,510.0
5.0,1962.0,1092.0,1092.0,288.0
5.0,1994.0,990.0,990.0,480.0
5.0,1950.0,1113.0,1113.0,264.0
7.0,2007.0,1146.0,1246.0,428.0
7.0,1997.0,1040.0,2098.0,621.0
10.0,1998.0,970.0,2393.0,846.0
4.0,1967.0,1057.902708481825,2650.0,0.0
4.0,1955.0,1440.0,1440.0,0.0
8.0,2007.0,1734.0,1734.0,928.0
6.0,1972.0,483.0,987.0,352.0
6.0,1978.0,855.0,1456.0,440.0
7.0,2005.0,1220.0,1220.0,397.0
5.0,1958.0,1584.0,1776.0,888.0
7.0,2003.0,1453.0,1479.0,558.0
4.0,1970.0,546.0,1092.0,286.0
6.0,1980.0,716.0,1556.0,452.0
7.0,2006.0,654.0,1496.0,426.0
5.0,1924.0,784.0,1221.0,392.0
3.0,1958.0,792.0,792.0,366.0
5.0,1946.0,1598.0,1458.492119089317,0.0
6.0,1956.0,1008.0,1024.0,313.0
6.0,1964.0,1092.0,1092.0,504.0
9.0,2008.0,1720.0,1720.0,846.0
8.0,1972.0,1952.0,1458.492119089317,538.0
4.0,1941.0,693.0,693.0,0.0
6.0,1976.0,1728.0,1728.0,574.0
7.0,1920.0,624.0,1450.0,288.0
5.0,1930.0,672.0,840.0,0.0
6.0,1975.0,1008.0,1096.0,352.0
5.0,1924.0,872.0,872.0,322.0
7.0,1988.0,1907.0,1959.0,766.0
5.0,1976.0,264.0,1304.0,336.0
6.0,1997.0,802.0,1511.0,413.0
4.0,1951.0,864.0,864.0,400.0
5.0,1955.0,960.0,960.0,330.0
5.0,1953.0,608.0,1319.0,270.0
6.0,1973.0,525.0,1092.0,264.0
5.0,1965.0,1625.0,1625.0,484.0
6.0,1939.0,972.0,1577.0,312.0
5.0,1959.0,1057.902708481825,882.0,294.0
7.0,2000.0,992.0,1865.0,839.0
7.0,2006.0,1356.0,1500.0,648.0
6.0,2005.0,768.0,1536.0,400.0
5.0,1948.0,1057.902708481825,2320.0,672.0
6.0,1915.0,483.0,1427.0,379.0
6.0,2001.0,804.0,1961.0,560.0
5.0,1945.0,1057.902708481825,808.0,164.0
5.0,1937.0,942.0,1938.0,240.0
6.0,1914.0,684.0,1355.0,0.0
5.0,1958.0,1041.0,1041.0,294.0
6.0,1924.0,1032.0,1032.0,280.0
5.0,1913.0,440.0,694.0,352.0
6.0,1970.0,1008.0,2411.0,570.0
5.0,1955.0,923.0,925.0,390.0
5.0,1957.0,1392.0,1392.0,528.0
6.0,1959.0,864.0,864.0,300.0
6.0,1992.0,808.0,1593.0,389.0
5.0,1982.0,845.0,845.0,264.0
6.0,1921.0,629.0,1107.0,625.0
7.0,2006.0,1145.0,1145.0,437.0
5.0,1959.0,1150.0,1150.0,300.0
4.0,1948.0,624.0,936.0,265.0
6.0,2007.0,768.0,1496.0,572.0
6.0,1960.0,1080.0,1656.0,528.0
7.0,1999.0,672.0,1404.0,462.0
4.0,1925.0,432.0,672.0,0.0
6.0,1997.0,945.0,1608.0,470.0
7.0,1998.0,1463.0,1463.0,539.0
5.0,1962.0,931.0,1283.0,506.0
7.0,2006.0,1689.0,1689.0,433.0
7.0,2003.0,847.0,1733.0,433.0
6.0,1956.0,1196.0,1196.0,297.0
5.0,1945.0,793.0,793.0,240.0
5.0,1957.0,1179.0,1364.0,331.0
5.0,1926.0,756.0,1281.0,379.0
5.0,1930.0,741.0,1324.0,180.0
7.0,1998.0,853.0,1753.0,534.0
5.0,1968.0,1008.0,1008.0,384.0
7.0,1978.0,1420.0,1458.492119089317,463.4402493938345
10.0,2008.0,1057.902708481825,1458.492119089317,463.4402493938345
7.0,1998.0,1066.0,2385.0,600.0
4.0,1955.0,864.0,864.0,528.0
7.0,1922.0,1108.0,2068.0,315.0
8.0,1983.0,1496.0,2132.0,612.0
3.0,1915.0,840.0,1605.0,379.0
5.0,1965.0,894.0,894.0,336.0
5.0,1955.0,1056.0,1056.0,300.0
5.0,1926.0,850.0,960.0,576.0
7.0,2005.0,1700.0,2212.0,773.0
8.0,1998.0,1418.0,1478.0,495.0
6.0,1967.0,1040.0,1040.0,480.0
7.0,1936.0,1017.0,2057.0,180.0
6.0,1949.0,782.0,1556.0,470.0
6.0,1993.0,1152.0,1797.0,616.0
8.0,1992.0,1280.0,1280.0,506.0
8.0,2006.0,1342.0,1342.0,550.0
9.0,2007.0,1698.0,1698.0,768.0
5.0,1925.0,901.0,1351.0,576.0
2.0,1910.0,1057.902708481825,810.0,280.0
4.0,1927.0,520.0,520.0,240.0
4.0,1896.0,756.0,952.0,330.0
5.0,1979.0,1057.902708481825,2240.0,528.0
5.0,1955.0,1382.0,1382.0,350.0
7.0,2003.0,926.0,1884.0,581.0
6.0,2005.0,783.0,1484.0,393.0
6.0,2006.0,1262.0,1262.0,572.0
6.0,1978.0,672.0,1400.0,440.0
7.0,1973.0,1242.0,1242.0,528.0
9.0,2007.0,1950.0,1950.0,706.0
5.0,1929.0,926.0,1316.0,484.0
8.0,2008.0,2042.0,2042.0,463.4402493938345
8.0,1999.0,1252.0,2365.0,856.0
8.0,1900.0,930.0,1566.0,288.0
5.0,1920.0,624.0,1248.0,0.0
5.0,1925.0,747.0,1159.0,288.0
5.0,1915.0,686.0,1652.0,416.0
8.0,2007.0,1710.0,1710.0,866.0
5.0,1955.0,768.0,1588.0,480.0
5.0,1967.0,943.0,1387.0,300.0
5.0,1975.0,938.0,938.0,308.0
5.0,1965.0,1024.0,1024.0,308.0
5.0,1979.0,1057.902708481825,1535.0,400.0
5.0,1963.0,984.0,984.0,384.0
6.0,1923.0,833.0,1848.0,370.0
6.0,1980.0,1686.0,1686.0,612.0
5.0,1974.0,1389.0,1389.0,418.0
5.0,1965.0,1057.902708481825,1664.0,0.0
7.0,1999.0,384.0,1430.0,400.0
5.0,1962.0,894.0,894.0,308.0
5.0,1955.0,1098.0,1098.0,260.0
9.0,2005.0,1684.0,1684.0,564.0
7.0,2002.0,860.0,1729.0,542.0
4.0,1949.0,1057.902708481825,1382.0,384.0
6.0,1963.0,1328.0,1328.0,528.0
5.0,1973.0,765.0,1365.0,440.0
5.0,1957.0,1824.0,1824.0,484.0
4.0,2003.0,1121.0,1121.0,440.0
5.0,1972.0,864.0,864.0,288.0
5.0,1967.0,949.0,1107.0,308.0
10.0,1996.0,1057.902708481825,1458.492119089317,813.0
7.0,2005.0,1392.0,2462.0,576.0
5.0,1968.0,1113.0,1160.0,257.0
8.0,1992.0,1683.0,1458.492119089317,541.0
4.0,1920.0,698.0,1128.0,528.0
7.0,2007.0,1246.0,1258.0,462.0
6.0,1960.0,1179.0,1179.0,622.0
8.0,2006.0,1476.0,1484.0,472.0
8.0,1981.0,1226.0,1226.0,484.0
9.0,1998.0,1408.0,1458.492119089317,806.0
6.0,2000.0,756.0,1524.0,440.0
5.0,1951.0,1057.902708481825,2136.0,528.0
6.0,1940.0,981.0,1672.0,240.0
5.0,1900.0,662.0,2337.0,560.0
7.0,1963.0,725.0,1651.0,276.0
5.0,1939.0,720.0,2192.0,240.0
6.0,2004.0,848.0,848.0,420.0
4.0,1920.0,715.0,1738.0,368.0
5.0,1974.0,896.0,1792.0,480.0
6.0,1915.0,806.0,1647.0,216.0
8.0,1995.0,1220.0,2090.0,556.0
7.0,1959.0,1501.0,1801.0,484.0
5.0,1960.0,1075.0,1507.0,404.0
4.0,1965.0,648.0,960.0,364.0
8.0,1995.0,2033.0,1458.492119089317,666.0
6.0,2006.0,1330.0,1330.0,437.0
6.0,1976.0,1041.0,1125.0,352.0
8.0,2007.0,1485.0,1464.0,754.0
7.0,2002.0,854.0,1995.0,435.0
4.0,1927.0,660.0,756.0,440.0
8.0,1993.0,1173.0,2232.0,623.0
5.0,1901.0,969.0,1214.0,216.0
5.0,1959.0,1256.0,1256.0,311.0
6.0,1952.0,768.0,1536.0,308.0
5.0,1960.0,988.0,1721.0,626.0
6.0,1998.0,932.0,1633.0,460.0
5.0,1994.0,990.0,990.0,440.0
8.0,2002.0,1777.0,1795.0,534.0
7.0,1978.0,832.0,2050.0,529.0
8.0,1997.0,1396.0,2392.0,870.0
5.0,1968.0,876.0,897.0,264.0
9.0,2006.0,1790.0,1816.0,730.0
9.0,2005.0,1704.0,1458.492119089317,814.0
6.0,1926.0,1149.0,1616.0,216.0
7.0,1915.0,672.0,1944.0,216.0
7.0,2009.0,1470.0,1478.0,484.0
5.0,1977.0,1361.0,2620.0,600.0
9.0,2000.0,1440.0,2153.0,736.0
6.0,1935.0,583.0,1242.0,180.0
6.0,1957.0,1392.0,1392.0,458.0
7.0,2003.0,912.0,2094.0,615.0
5.0,1956.0,1202.0,1202.0,304.0
8.0,1890.0,346.0,2268.0,624.0
3.0,1955.0,1162.0,1163.0,220.0
2.0,1920.0,723.0,1086.0,400.0
6.0,1954.0,1310.0,1906.0,576.0
5.0,1948.0,789.0,789.0,250.0
6.0,1920.0,1012.0,1012.0,308.0
6.0,1917.0,735.0,2058.0,396.0
5.0,1956.0,894.0,1074.0,396.0
5.0,1964.0,1292.0,1292.0,520.0
6.0,2003.0,848.0,848.0,420.0
5.0,1958.0,988.0,988.0,264.0
6.0,1964.0,1425.0,1425.0,576.0
6.0,1984.0,1105.0,1822.0,515.0
5.0,1930.0,297.0,1654.0,336.0
8.0,2005.0,1030.0,2098.0,878.0
5.0,1955.0,816.0,1393.0,300.0
10.0,1892.0,1107.0,1458.492119089317,840.0
6.0,1970.0,1004.0,1004.0,480.0
6.0,1977.0,1096.0,1118.0,358.0
6.0,1980.0,1056.0,1056.0,576.0
5.0,1972.0,768.0,768.0,396.0
6.0,1920.0,684.0,1196.0,528.0
6.0,1910.0,1242.0,1984.0,360.0
5.0,1958.0,1008.0,1053.0,750.0
8.0,2003.0,1057.902708481825,1629.0,880.0
6.0,1969.0,1844.0,1844.0,540.0
7.0,1969.0,1851.0,1851.0,506.0
5.0,1921.0,876.0,964.0,432.0
9.0,2005.0,1838.0,1838.0,682.0
4.0,1964.0,1005.0,1005.0,440.0
7.0,2003.0,1560.0,1560.0,573.0
6.0,1990.0,1332.0,1332.0,542.0
8.0,2006.0,1141.0,1151.0,484.0
4.0,1920.0,528.0,605.0,0.0
5.0,1952.0,540.0,1044.0,504.0
3.0,1914.0,864.0,864.0,200.0
6.0,1910.0,972.0,1944.0,324.0
8.0,2004.0,1594.0,1646.0,525.0
8.0,2006.0,1638.0,1646.0,870.0
6.0,1915.0,1048.0,1768.0,576.0
8.0,1999.0,1004.0,1852.0,660.0
6.0,1940.0,778.0,1489.0,240.0
7.0,1950.0,976.0,1952.0,299.0
6.0,1993.0,1160.0,1169.0,402.0
4.0,1956.0,952.0,952.0,283.0
8.0,2000.0,1406.0,1936.0,504.0
5.0,1960.0,1057.902708481825,1771.0,336.0
7.0,1990.0,1300.0,1341.0,506.0
7.0,1997.0,1057.0,2034.0,645.0
5.0,1979.0,1086.0,1224.0,528.0
7.0,2009.0,900.0,1852.0,644.0
5.0,1975.0,1056.0,1074.0,495.0
6.0,1976.0,804.0,1548.0,440.0
7.0,2005.0,1614.0,1614.0,865.0
7.0,1918.0,912.0,1426.0,216.0
5.0,1961.0,1144.0,1144.0,456.0
5.0,1961.0,864.0,864.0,420.0
5.0,1968.0,912.0,1044.0,372.0
6.0,1995.0,1200.0,1200.0,521.0
5.0,1976.0,780.0,1868.0,484.0
5.0,1967.0,1632.0,1632.0,576.0
5.0,1974.0,864.0,894.0,440.0
2.0,1946.0,407.0,407.0,297.0
4.0,1959.0,1057.902708481825,1588.0,680.0
4.0,1950.0,721.0,841.0,294.0
5.0,1966.0,864.0,892.0,416.0
7.0,1999.0,1037.0,2322.0,400.0
5.0,1968.0,833.0,898.0,326.0
8.0,1995.0,1595.0,1616.0,608.0
5.0,1954.0,1383.0,1383.0,354.0
7.0,2009.0,1214.0,1214.0,520.0
9.0,2009.0,1365.0,1458.492119089317,864.0
6.0,1927.0,728.0,1642.0,374.0
8.0,2000.0,975.0,1848.0,592.0
6.0,1973.0,672.0,1218.0,264.0
6.0,1931.0,884.0,1367.0,560.0
5.0,1967.0,1510.0,1510.0,517.0
6.0,1996.0,821.0,1776.0,443.0
7.0,1995.0,930.0,1995.0,610.0
7.0,2006.0,982.0,1977.0,574.0
5.0,1967.0,1141.0,1141.0,568.0
5.0,1948.0,780.0,1323.0,400.0
6.0,1972.0,1161.0,1381.0,676.0
7.0,1890.0,1313.0,2495.0,342.0
7.0,2005.0,891.0,1686.0,462.0
7.0,1990.0,910.0,1442.0,719.0
5.0,1942.0,799.0,1150.0,215.0
5.0,1951.0,660.0,1396.0,0.0
4.0,1910.0,356.0,1049.0,195.0
6.0,1972.0,732.0,1790.0,484.0
5.0,1957.0,992.0,1306.0,756.0
5.0,1966.0,793.0,1280.0,432.0
9.0,2005.0,1868.0,1868.0,463.4402493938345
7.0,1998.0,1650.0,1680.0,583.0
5.0,1977.0,923.0,1008.0,678.0
6.0,1977.0,690.0,1426.0,440.0
4.0,1912.0,795.0,2230.0,440.0
7.0,1925.0,1026.0,1820.0,240.0
7.0,2004.0,847.0,1959.0,434.0
4.0,1907.0,707.0,1884.0,0.0
8.0,2002.0,1616.0,1629.0,808.0
8.0,1976.0,1565.0,1458.492119089317,665.0
6.0,1983.0,520.0,1338.0,576.0
7.0,2003.0,1374.0,1557.0,420.0
4.0,1927.0,656.0,968.0,216.0
4.0,1995.0,1680.0,1680.0,628.0
4.0,1900.0,448.0,720.0,280.0
4.0,1950.0,576.0,864.0,528.0
3.0,1945.0,1057.902708481825,640.0,240.0
6.0,2005.0,1468.0,1468.0,528.0
6.0,2002.0,783.0,1509.0,393.0
7.0,2005.0,856.0,1166.0,400.0
6.0,1969.0,1026.0,1026.0,440.0
7.0,1974.0,752.0,2067.0,784.0
6.0,1976.0,528.0,1855.0,512.0
7.0,1993.0,1594.0,1594.0,472.0
8.0,1994.0,2024.0,2063.0,815.0
5.0,1959.0,1040.0,1040.0,286.0
5.0,1965.0,1214.0,1214.0,461.0
6.0,1973.0,942.0,2521.0,576.0
3.0,1930.0,728.0,1162.0,258.0
6.0,1972.0,525.0,1092.0,264.0
10.0,2006.0,1742.0,2042.0,724.0
5.0,1963.0,816.0,816.0,516.0
4.0,1936.0,672.0,1324.0,240.0
5.0,1994.0,990.0,990.0,528.0
7.0,2006.0,1092.0,1550.0,438.0
4.0,1940.0,801.0,1656.0,440.0
3.0,1952.0,1057.902708481825,944.0,528.0
7.0,1980.0,1372.0,1472.0,588.0
7.0,1992.0,384.0,1482.0,392.0
4.0,1950.0,910.0,1521.0,597.0
6.0,1930.0,768.0,768.0,440.0
8.0,2002.0,972.0,1811.0,565.0
5.0,1936.0,528.0,1040.0,624.0
8.0,2008.0,1932.0,1932.0,774.0
6.0,1977.0,1350.0,1334.0,630.0
7.0,2008.0,1402.0,1402.0,625.0
5.0,1954.0,1056.0,1056.0,260.0
9.0,2008.0,2020.0,2020.0,896.0
7.0,2007.0,1266.0,1266.0,388.0
5.0,1900.0,360.0,1812.0,672.0
6.0,1999.0,841.0,1675.0,502.0
5.0,1916.0,686.0,1928.0,0.0
4.0,1941.0,672.0,672.0,234.0
5.0,1958.0,808.0,808.0,308.0
6.0,1969.0,1427.0,1427.0,516.0
7.0,1970.0,1304.0,1682.0,530.0
5.0,1926.0,750.0,1316.0,576.0
6.0,1962.0,858.0,1716.0,490.0
6.0,1978.0,1057.902708481825,1902.0,539.0
6.0,1995.0,781.0,1671.0,423.0
4.0,1965.0,960.0,960.0,432.0
6.0,1977.0,1844.0,1844.0,546.0
6.0,1925.0,1181.0,1694.0,576.0
7.0,2002.0,1536.0,1536.0,532.0
6.0,1976.0,1262.0,1262.0,460.0
6.0,1966.0,660.0,1348.0,453.0
5.0,1971.0,768.0,868.0,576.0
4.0,1973.0,462.0,988.0,297.0
7.0,1967.0,1865.0,1830.0,521.0
6.0,2007.0,608.0,1396.0,440.0
8.0,1997.0,1173.0,2199.0,516.0
5.0,1945.0,686.0,866.0,0.0
6.0,1945.0,1028.0,2320.0,180.0
4.0,1938.0,816.0,816.0,288.0
4.0,1955.0,1057.902708481825,1152.0,0.0
7.0,2006.0,738.0,1492.0,440.0
5.0,1975.0,864.0,864.0,0.0
6.0,2004.0,1158.0,1158.0,576.0
7.0,2006.0,608.0,1458.0,454.0
5.0,1956.0,301.0,1145.0,684.0
9.0,2008.0,1884.0,1884.0,649.0
7.0,2007.0,1726.0,1726.0,786.0
6.0,1984.0,744.0,752.0,264.0
5.0,1938.0,1058.0,1551.0,240.0
8.0,2007.0,1057.902708481825,2464.0,650.0
5.0,1932.0,793.0,1520.0,281.0
8.0,2007.0,1234.0,1234.0,484.0
5.0,1938.0,920.0,954.0,240.0
5.0,1962.0,864.0,864.0,336.0
7.0,1978.0,1271.0,1601.0,478.0
5.0,1950.0,864.0,864.0,720.0
8.0,1970.0,1057.902708481825,2217.0,621.0
2.0,1939.0,1057.902708481825,845.0,256.0
5.0,1898.0,849.0,2138.0,360.0
8.0,2004.0,1580.0,2466.0,610.0
6.0,1948.0,864.0,1495.0,576.0
8.0,1994.0,1624.0,1624.0,757.0
4.0,1900.0,859.0,1178.0,384.0
5.0,1959.0,1422.0,1675.0,365.0
7.0,2005.0,945.0,1809.0,638.0
6.0,1983.0,1084.0,1080.0,484.0
6.0,1998.0,1237.0,1337.0,405.0
5.0,1972.0,864.0,864.0,352.0
5.0,1964.0,1486.0,1486.0,480.0
5.0,1969.0,1104.0,1360.0,336.0
7.0,1918.0,600.0,1228.0,215.0
6.0,1966.0,814.0,913.0,240.0
7.0,1996.0,910.0,1820.0,816.0
5.0,1950.0,988.0,1612.0,363.0
7.0,2003.0,1405.0,1405.0,478.0
7.0,1960.0,585.0,2069.0,505.0
7.0,2000.0,952.0,2256.0,554.0
6.0,1928.0,896.0,1913.0,342.0
5.0,1957.0,1070.0,1236.0,447.0
4.0,1948.0,744.0,1120.0,480.0
5.0,1969.0,784.0,1632.0,898.0
6.0,1906.0,756.0,1469.0,216.0
8.0,2006.0,1588.0,1588.0,825.0
8.0,1935.0,728.0,1458.492119089317,463.4402493938345
6.0,2000.0,756.0,1512.0,440.0
6.0,1995.0,680.0,1470.0,420.0
5.0,1952.0,1008.0,1008.0,280.0
6.0,1914.0,742.0,1484.0,0.0
6.0,1967.0,932.0,2640.0,515.0
5.0,1959.0,1063.0,1327.0,624.0
5.0,1977.0,1126.0,1126.0,484.0
6.0,1961.0,1218.0,1254.0,525.0
6.0,1958.0,160.0,1142.0,384.0
6.0,1971.0,825.0,1993.0,495.0
5.0,1977.0,1040.0,1040.0,484.0
10.0,2003.0,1057.902708481825,2392.0,463.4402493938345
6.0,1929.0,862.0,1158.0,208.0
5.0,1977.0,876.0,907.0,308.0
7.0,2004.0,970.0,1709.0,380.0
6.0,1921.0,585.0,1436.0,228.0
4.0,1920.0,637.0,1336.0,570.0
8.0,1985.0,1742.0,1742.0,564.0
6.0,1997.0,916.0,1600.0,460.0
6.0,1963.0,1083.0,1146.0,294.0
5.0,1953.0,984.0,950.0,400.0
5.0,1950.0,1032.0,2177.0,484.0
6.0,1969.0,1216.0,1216.0,336.0
6.0,1964.0,780.0,1611.0,442.0
6.0,1923.0,1200.0,1200.0,312.0
8.0,2006.0,1554.0,1554.0,627.0
7.0,1999.0,873.0,1790.0,588.0
6.0,1923.0,602.0,1502.0,180.0
8.0,2007.0,1566.0,1600.0,890.0
7.0,2006.0,1141.0,1141.0,484.0
8.0,2007.0,1582.0,1582.0,905.0
6.0,1980.0,630.0,1266.0,283.0
8.0,1918.0,1360.0,1458.492119089317,795.0
7.0,2004.0,1594.0,1646.0,482.0
6.0,1955.0,1156.0,1520.0,364.0
7.0,2005.0,784.0,1596.0,610.0
8.0,2006.0,1370.0,1370.0,484.0
6.0,1920.0,768.0,1376.0,576.0
3.0,1930.0,713.0,713.0,371.0
5.0,1958.0,912.0,912.0,275.0
5.0,1966.0,1092.0,1092.0,264.0
5.0,1961.0,864.0,864.0,732.0
5.0,1955.0,1204.0,1411.0,310.0
5.0,1969.0,780.0,1620.0,462.0
7.0,1959.0,1057.902708481825,1472.0,484.0
6.0,1999.0,729.0,1471.0,440.0
8.0,1995.0,1587.0,1734.0,528.0
8.0,1993.0,1231.0,2349.0,762.0
6.0,1990.0,1398.0,1398.0,542.0
6.0,2005.0,1141.0,1141.0,484.0
9.0,1999.0,1557.0,1557.0,484.0
8.0,2006.0,1324.0,1324.0,550.0
5.0,1904.0,650.0,1539.0,686.0
3.0,1916.0,216.0,936.0,0.0
6.0,2005.0,728.0,1456.0,390.0
5.0,1996.0,1100.0,1100.0,462.0
6.0,1960.0,1602.0,1252.0,564.0
5.0,1910.0,504.0,1464.0,0.0
9.0,2000.0,1540.0,1458.492119089317,774.0
7.0,1995.0,384.0,1474.0,400.0
7.0,2004.0,1445.0,1445.0,470.0
4.0,1970.0,630.0,630.0,0.0
6.0,1975.0,1069.0,1069.0,440.0
6.0,1958.0,1444.0,2144.0,389.0
6.0,2004.0,798.0,1640.0,520.0
7.0,2006.0,1063.0,2172.0,947.0
5.0,1912.0,451.0,759.0,576.0
5.0,1995.0,990.0,990.0,576.0
7.0,2006.0,1391.0,1962.0,868.0
6.0,1926.0,992.0,1013.0,160.0
5.0,2005.0,732.0,1838.0,372.0
6.0,2005.0,1306.0,1306.0,624.0
6.0,1925.0,976.0,1608.0,216.0
8.0,1976.0,1142.0,1458.492119089317,831.0
6.0,1954.0,936.0,984.0,280.0
7.0,1940.0,800.0,1740.0,240.0
8.0,2007.0,1704.0,1704.0,772.0
5.0,1968.0,864.0,874.0,288.0
6.0,1963.0,1059.0,1068.0,264.0
5.0,1985.0,833.0,833.0,0.0
8.0,2007.0,1582.0,2152.0,728.0
7.0,1999.0,1339.0,1358.0,625.0
5.0,1949.0,672.0,924.0,576.0
8.0,2009.0,1544.0,1544.0,868.0
4.0,1953.0,1105.0,1647.0,280.0
4.0,1900.0,709.0,1844.0,240.0
6.0,1918.0,816.0,838.0,275.0
5.0,1924.0,468.0,1142.0,320.0
5.0,1939.0,884.0,884.0,240.0
4.0,1925.0,686.0,1328.0,210.0
7.0,2005.0,1494.0,1506.0,672.0
6.0,1958.0,1240.0,1632.0,338.0
6.0,1951.0,216.0,1575.0,400.0
7.0,1986.0,1502.0,1458.492119089317,576.0
6.0,1915.0,728.0,1456.0,308.0
5.0,1967.0,992.0,992.0,294.0
6.0,1968.0,727.0,1556.0,441.0
5.0,1976.0,536.0,1112.0,336.0
5.0,1967.0,624.0,1656.0,288.0
6.0,2005.0,547.0,1072.0,525.0
7.0,2004.0,1530.0,1530.0,630.0
2.0,1947.0,1057.902708481825,660.0,0.0
5.0,1959.0,1063.0,1287.0,576.0
7.0,2006.0,1240.0,1240.0,826.0
8.0,2007.0,1596.0,1648.0,525.0
7.0,2005.0,1552.0,1552.0,782.0
7.0,1996.0,1720.0,1720.0,527.0
7.0,2001.0,1413.0,1430.0,605.0
6.0,1954.0,1288.0,2422.0,527.0
5.0,2005.0,547.0,1072.0,525.0
6.0,1971.0,483.0,987.0,264.0
6.0,2000.0,953.0,1664.0,460.0
4.0,1955.0,1190.0,1540.0,352.0
4.0,1973.0,526.0,988.0,297.0
9.0,2008.0,1702.0,1702.0,463.4402493938345
8.0,2004.0,1256.0,1269.0,430.0
6.0,1998.0,804.0,1682.0,523.0
7.0,1994.0,973.0,1850.0,467.0
6.0,1912.0,755.0,2229.0,0.0
6.0,1968.0,1295.0,1295.0,528.0
5.0,1956.0,1048.0,1048.0,286.0
5.0,1960.0,1065.0,1065.0,461.0
5.0,1995.0,1099.0,1099.0,352.0
5.0,1992.0,912.0,970.0,0.0
8.0,2004.0,1117.0,2452.0,691.0
5.0,1963.0,960.0,960.0,300.0
5.0,1953.0,105.0,910.0,414.0
7.0,2005.0,1368.0,1368.0,474.0
7.0,1973.0,1057.902708481825,2223.0,516.0
5.0,1967.0,1052.0,1052.0,668.0
5.0,1962.0,1776.0,1560.0,528.0
5.0,1971.0,1484.0,1484.0,487.0
4.0,1950.0,1057.902708481825,1040.0,420.0
6.0,2004.0,789.0,1515.0,393.0
6.0,1994.0,392.0,1694.0,398.0
5.0,1978.0,864.0,1174.0,528.0
5.0,1956.0,1057.902708481825,882.0,308.0
7.0,1940.0,680.0,1302.0,224.0
6.0,1995.0,806.0,1572.0,373.0
6.101845522898154,1952.0,1057.902708481825,733.0,487.0
5.0,1963.0,925.0,925.0,484.0
8.0,2003.0,1432.0,1440.0,467.0
6.0,1999.0,1666.0,1675.0,435.0
5.0,1983.0,816.0,816.0,264.0
7.0,2007.0,689.0,1392.0,540.0
6.0,1980.0,712.0,2237.0,440.0
4.0,1924.0,1093.0,1669.0,288.0
6.0,1977.0,1196.0,1279.0,473.0
4.0,1970.0,864.0,864.0,660.0
6.0,1972.0,723.0,1395.0,497.0
7.0,2004.0,1710.0,1710.0,550.0
4.0,1953.0,936.0,936.0,576.0
10.0,2008.0,1722.0,2296.0,842.0
6.0,1919.0,804.0,2447.0,336.0
5.0,1960.0,1268.0,1264.0,461.0
5.0,1961.0,920.0,888.0,240.0
4.0,1941.0,788.0,788.0,0.0
7.0,1999.0,744.0,1501.0,440.0
5.0,1972.0,780.0,780.0,352.0
6.0,1958.0,1329.0,1329.0,312.0
7.0,1981.0,1740.0,1740.0,540.0
4.0,1957.0,1073.0,1073.0,720.0
8.0,1994.0,1679.0,1803.0,482.0
7.0,1974.0,1748.0,2646.0,550.0
9.0,2006.0,1057.902708481825,2338.0,463.4402493938345
7.0,1940.0,920.0,2480.0,400.0
7.0,2003.0,941.0,1829.0,613.0
7.0,1980.0,1043.0,1458.492119089317,441.0
5.0,1956.0,1005.0,1005.0,319.0
7.0,2003.0,884.0,1768.0,543.0
7.0,2004.0,1473.0,1484.0,606.0
5.0,1910.0,240.0,1306.0,472.0
7.0,1997.0,1288.0,1368.0,784.0
6.0,1985.0,741.0,1732.0,476.0
6.0,1993.0,1344.0,1440.0,920.0
7.0,2004.0,384.0,1374.0,400.0
6.0,1997.0,1479.0,1494.0,576.0
7.0,1995.0,1237.0,1253.0,402.0
7.0,2007.0,1266.0,1266.0,388.0
6.0,1986.0,1606.0,1651.0,616.0
5.0,1957.0,1134.0,1803.0,484.0
6.0,1978.0,1664.0,1664.0,616.0
6.0,1992.0,1575.0,1575.0,529.0
10.0,2001.0,1057.902708481825,2633.0,804.0
7.0,2006.0,1187.0,1208.0,632.0
6.0,1977.0,855.0,1456.0,440.0
7.0,2001.0,1454.0,1434.0,527.0
5.0,1965.0,912.0,912.0,576.0
6.0,1926.0,884.0,904.0,180.0
6.0,1977.0,1243.0,1285.0,473.0
6.0,1997.0,1189.0,1189.0,392.0
5.0,1947.0,698.0,698.0,0.0
7.0,2004.0,1080.0,1080.0,0.0
5.0,1975.0,864.0,1558.0,440.0
5.0,1918.0,686.0,1250.0,280.0
8.0,2003.0,1650.0,1458.492119089317,841.0
7.0,2006.0,1241.0,1241.0,569.0
7.0,1920.0,650.0,1482.0,324.0
7.0,1994.0,1602.0,1626.0,534.0
6.0,1963.0,1008.0,1008.0,430.0
6.0,1993.0,384.0,1091.0,429.0
10.0,1994.0,1057.902708481825,1458.492119089317,832.0
6.0,2005.0,1142.0,1142.0,0.0
6.0,1973.0,525.0,1092.0,440.0
7.0,1999.0,978.0,1983.0,490.0
6.0,1958.0,588.0,1138.0,264.0
6.0,1928.0,624.0,720.0,484.0
5.0,1993.0,796.0,1362.0,480.0
5.0,1958.0,1024.0,1344.0,484.0
5.0,1965.0,912.0,925.0,576.0
7.0,1994.0,779.0,1958.0,499.0
5.0,1940.0,901.0,1717.0,410.0
7.0,2007.0,1372.0,1372.0,529.0
6.0,1957.0,912.0,1236.0,923.0
5.0,1956.0,1050.0,1050.0,338.0
8.0,2006.0,1234.0,2576.0,666.0
8.0,1999.0,960.0,1586.0,480.0
5.0,1960.0,1377.0,1377.0,351.0
8.0,2004.0,2000.0,2000.0,888.0
4.0,1940.0,420.0,708.0,0.0
5.0,1925.0,864.0,864.0,0.0
8.0,1999.0,850.0,1764.0,560.0
6.0,1963.0,741.0,2294.0,658.0
6.0,1998.0,926.0,1604.0,472.0
6.0,1980.0,561.0,1229.0,462.0
6.0,1979.0,1362.0,1586.0,435.0
7.0,1998.0,1482.0,1494.0,514.0
6.0,2006.0,1314.0,1314.0,440.0
5.0,1967.0,864.0,864.0,312.0
4.0,1970.0,530.0,992.0,297.0
4.0,1920.0,720.0,720.0,0.0
7.0,2006.0,1604.0,1604.0,660.0
7.0,2008.0,796.0,1612.0,666.0
6.0,1964.0,780.0,1806.0,483.0
7.0,2003.0,1337.0,1337.0,531.0
7.0,1970.0,1947.0,2207.0,576.0
6.0,1968.0,1392.0,1392.0,576.0
5.0,1962.0,1188.0,1188.0,312.0
7.0,1890.0,718.0,2554.0,704.0
7.0,1991.0,1454.0,1478.0,506.0
8.0,1994.0,1986.0,1987.0,691.0
6.0,1984.0,1003.0,1003.0,588.0
5.0,1900.0,716.0,2014.0,624.0
5.0,1938.0,190.0,886.0,273.0
6.0,1973.0,483.0,987.0,264.0
8.0,2007.0,1542.0,1542.0,852.0
7.0,2004.0,835.0,1119.0,437.0
6.0,1968.0,952.0,952.0,288.0
5.0,1938.0,803.0,1360.0,297.0
8.0,2006.0,1278.0,1278.0,584.0
8.0,2006.0,1574.0,1574.0,824.0
6.0,2005.0,745.0,1490.0,392.0
5.0,1960.0,1296.0,1496.0,450.0
6.0,1999.0,744.0,1501.0,440.0
6.0,2000.0,1381.0,1403.0,470.0
6.0,1976.0,1029.0,1062.0,539.0
5.0,1946.0,768.0,1200.0,240.0
8.0,1995.0,1242.0,2501.0,751.0
5.0,1965.0,1073.0,1073.0,515.0
5.0,1969.0,864.0,1479.0,275.0
5.0,1960.0,1010.0,1134.0,254.0
5.0,2003.0,1094.0,1094.0,576.0
6.0,2005.0,728.0,1456.0,390.0
5.0,1955.0,1057.0,1057.0,288.0
6.0,2006.0,698.0,1746.0,350.0
8.0,2007.0,1884.0,1728.0,520.0
8.0,2006.0,1489.0,1489.0,776.0
7.0,2000.0,1168.0,1458.492119089317,820.0
8.0,2001.0,1479.0,2649.0,746.0
5.0,1954.0,381.0,992.0,319.0
6.0,1920.0,660.0,865.0,216.0
8.0,2001.0,1299.0,1872.0,531.0
6.0,2000.0,756.0,1512.0,440.0
4.0,1955.0,1057.902708481825,1152.0,0.0
7.0,2007.0,1264.0,1458.492119089317,792.0
5.0,1920.0,936.0,936.0,0.0
8.0,1978.0,1226.0,1226.0,484.0
6.0,1994.0,636.0,1320.0,472.0
5.0,1921.0,612.0,2601.0,621.0
4.0,1970.0,546.0,1092.0,0.0
5.0,1925.0,1057.902708481825,2640.0,463.4402493938345
6.0,2000.0,756.0,1512.0,440.0
5.0,1919.0,610.0,819.0,0.0
5.0,1951.0,1080.0,1480.0,253.0
6.0,1914.0,1440.0,1458.492119089317,0.0
5.0,1976.0,1040.0,1060.0,572.0
5.0,1962.0,896.0,936.0,288.0
7.0,1930.0,637.0,1108.0,280.0
4.0,1920.0,736.0,1452.0,0.0
7.0,2004.0,956.0,2084.0,618.0
5.0,1976.0,911.0,954.0,576.0
6.0,1918.0,1370.0,2624.0,864.0
8.0,1991.0,1288.0,2417.0,462.0
4.0,1951.0,836.0,1220.0,396.0
7.0,2003.0,698.0,1342.0,393.0
7.0,2004.0,1422.0,1422.0,626.0
6.0,1923.0,784.0,1603.0,599.0
6.0,1993.0,630.0,1320.0,484.0
3.0,1914.0,864.0,864.0,0.0
7.0,1986.0,1057.902708481825,1295.0,312.0
6.0,1976.0,1127.0,1127.0,480.0
9.0,1999.0,1698.0,1709.0,506.0
4.0,1947.0,1057.902708481825,912.0,0.0
9.0,2005.0,1561.0,1561.0,556.0
5.0,1910.0,616.0,1232.0,480.0
6.0,1987.0,1112.0,1137.0,551.0
5.0,1952.0,924.0,924.0,420.0
6.0,1972.0,483.0,987.0,288.0
7.0,1902.0,1020.0,1864.0,0.0
6.0,2000.0,756.0,1573.0,440.0
7.0,2000.0,985.0,1842.0,486.0
8.0,1995.0,1318.0,2531.0,752.0
7.0,2004.0,600.0,1200.0,480.0
6.0,1900.0,554.0,1290.0,200.0
9.0,2005.0,1992.0,1458.492119089317,716.0
5.0,1931.0,715.0,875.0,180.0
5.0,1971.64190345772,1057.902708481825,2016.0,576.0
4.0,1967.0,1057.902708481825,1296.0,516.0
8.0,2007.0,1496.0,1496.0,474.0
6.0,2000.0,959.0,1671.0,472.0
6.0,1951.0,1091.0,1091.0,344.0
5.0,1956.0,928.0,928.0,252.0
6.0,1960.0,1144.0,1429.0,572.0
4.0,1956.0,832.0,1337.0,263.0
6.0,1948.0,1082.0,1082.0,240.0
4.0,1961.0,1396.0,1608.0,444.0
7.0,2004.0,1073.0,1073.0,246.0
5.0,1935.0,666.0,1458.492119089317,463.4402493938345
5.0,1910.0,440.0,1230.0,440.0
9.0,2009.0,1555.0,1680.0,463.4402493938345
5.0,1920.0,1300.0,1140.0,400.0
4.0,1970.0,546.0,1092.0,0.0
5.0,1895.0,736.0,1534.0,0.0
6.0,1970.0,546.0,1092.0,0.0
5.0,1984.0,864.0,887.0,288.0
9.0,2004.0,1780.0,1780.0,816.0
5.0,1952.0,960.0,1960.0,400.0
7.0,1995.0,1203.0,2520.0,721.0
6.0,1947.0,784.0,1312.0,649.0
5.0,1940.0,728.0,1308.0,256.0
8.0,2007.0,1615.0,1615.0,864.0
5.0,1938.0,832.0,1268.0,250.0
7.0,2007.0,1350.0,1358.0,484.0
6.0,1939.0,600.0,1232.0,217.0
6.0,1979.0,1001.0,1299.0,486.0
4.0,1956.0,1057.902708481825,968.0,331.0
6.0,1963.0,1395.0,1395.0,440.0
7.0,1925.0,952.0,1548.0,672.0
7.0,1984.0,1208.0,1621.0,440.0
5.0,1916.0,624.0,1344.0,513.0
4.0,1970.0,882.0,882.0,525.0
5.0,1959.0,1350.0,1328.0,308.0
6.0,1984.0,1153.0,1177.0,495.0
6.0,1999.0,923.0,1714.0,451.0
5.0,1969.0,1288.0,1336.0,502.0
6.0,1996.0,872.0,1756.0,422.0
5.0,1996.0,1348.0,1384.0,404.0
8.0,1999.0,960.0,1607.0,480.0
6.0,1973.0,483.0,987.0,264.0
6.0,1975.0,855.0,1456.0,440.0
6.0,1960.0,1383.0,1383.0,292.0
5.0,1961.0,1050.0,1050.0,368.0
5.0,1966.0,876.0,904.0,408.0
9.0,2005.0,1698.0,1698.0,730.0
7.0,1972.0,1124.0,1610.0,515.0
4.0,1970.0,546.0,1092.0,0.0
4.0,1910.0,1077.0,1760.0,648.0
8.0,1981.0,1057.902708481825,2497.0,676.0
9.0,2006.0,1802.0,1802.0,843.0
5.0,1965.0,744.0,2140.0,549.0
6.0,2003.0,835.0,1696.0,542.0
7.0,1999.0,1405.0,1337.0,511.0
9.0,2008.0,1774.0,1808.0,850.0
5.0,1956.0,1240.0,1375.0,323.0
7.0,2007.0,1208.0,1208.0,628.0
7.0,1999.0,384.0,1430.0,410.0
5.0,1922.0,892.0,1436.0,463.4402493938345
5.0,1946.0,904.0,1499.0,869.0
6.0,1957.0,1705.0,1390.0,550.0
6.0,1978.0,450.0,1034.0,504.0
4.0,1954.0,901.0,901.0,281.0
6.0,1950.0,663.0,1074.0,467.0
6.0,1981.0,1057.902708481825,1882.0,612.0
9.0,2007.0,1530.0,1530.0,463.4402493938345
7.0,2006.0,939.0,1797.0,639.0
6.0,1962.0,1099.0,1431.0,296.0
7.0,2007.0,1162.0,1162.0,483.0
4.0,1910.0,624.0,816.0,0.0
5.0,1925.0,884.0,1348.0,216.0
7.0,1941.0,929.0,2039.0,791.0
7.0,2001.0,884.0,2035.0,434.0
6.0,1957.0,1478.0,1478.0,442.0
6.0,1984.0,1232.0,1232.0,516.0
7.0,2002.0,1459.0,1459.0,527.0
8.0,2001.0,810.0,1665.0,528.0
5.0,1957.0,928.0,928.0,288.0
5.0,1959.0,1006.0,1006.0,0.0
5.0,1947.0,938.0,1043.0,273.0
5.0,1910.0,658.0,1184.0,0.0
7.0,2006.0,1258.0,1258.0,648.0
5.0,1920.0,672.0,1344.0,468.0
5.0,1956.0,1188.0,1437.0,576.0
5.0,1951.0,952.0,952.0,840.0
5.0,1941.0,984.0,1604.0,660.0
5.0,1954.0,825.0,825.0,350.0
6.0,1976.0,796.0,1574.0,566.0
7.0,2005.0,1336.0,1336.0,502.0
5.0,1959.0,1040.0,1040.0,286.0
10.0,2006.0,1528.0,1458.492119089317,758.0
6.0,1970.0,1657.0,1657.0,484.0
7.0,1994.0,832.0,1657.0,483.0
5.0,1977.0,757.0,1475.0,336.0
5.0,1954.0,811.0,1387.0,256.0
6.0,1956.0,1124.0,1124.0,353.0
6.0,1977.0,1330.0,1458.492119089317,619.0
5.0,1938.0,952.0,1582.0,250.0
4.0,1922.0,796.0,796.0,0.0
6.0,1924.0,617.0,1310.0,398.0
6.0,2005.0,858.0,1716.0,615.0
9.0,2005.0,1057.902708481825,2490.0,795.0
6.0,1980.0,650.0,1564.0,476.0
5.0,1910.0,396.0,1330.0,390.0
5.0,1915.0,876.0,1416.0,720.0
6.0,1979.0,1625.0,1625.0,576.0
7.0,1936.0,560.0,1135.0,576.0
7.0,1948.0,570.0,1079.0,249.0
7.0,1978.0,1529.0,1664.0,663.0
6.0,1930.0,984.0,984.0,308.0
7.0,1994.0,1223.0,2127.0,525.0
5.0,1955.0,972.0,972.0,305.0
6.0,1910.0,684.0,1368.0,216.0
5.0,1982.0,858.0,858.0,576.0
4.0,1970.0,546.0,1092.0,0.0
8.0,2001.0,1338.0,1338.0,582.0
4.0,1925.0,572.0,572.0,200.0
8.0,2008.0,1468.0,1468.0,904.0
6.0,1937.0,698.0,1176.0,624.0
7.0,1920.0,824.0,1458.492119089317,672.0
7.0,2007.0,1373.0,1555.0,660.0
2.0,1923.0,678.0,832.0,780.0
5.0,1951.0,900.0,900.0,576.0
5.0,1964.0,720.0,1440.0,480.0
6.0,2005.0,1358.0,1358.0,484.0
7.0,1999.0,1177.0,2312.0,658.0
7.0,1927.0,851.0,1718.0,264.0
6.0,2001.0,827.0,1677.0,627.0
5.0,1900.0,346.0,1017.0,308.0
5.0,1946.0,1195.0,1195.0,0.0
6.0,2007.0,894.0,1933.0,668.0
8.0,2002.0,1065.0,1989.0,586.0
7.0,2001.0,963.0,1792.0,564.0
6.0,1992.0,761.0,1603.0,484.0
5.0,1939.0,672.0,1322.0,280.0
7.0,1991.0,384.0,1472.0,402.0
7.0,1984.0,1190.0,2090.0,577.0
9.0,2007.0,1800.0,1800.0,944.0
5.0,1930.0,912.0,1248.0,160.0
6.0,2006.0,1836.0,1846.0,495.0
4.0,1970.0,546.0,1092.0,286.0
7.0,2005.0,1257.0,1266.0,453.0
8.0,2006.0,1573.0,1625.0,495.0
5.0,1973.0,945.0,945.0,253.0
9.0,2004.0,1462.0,2224.0,738.0
6.0,1966.0,832.0,2087.0,444.0
7.0,1993.0,1148.0,2075.0,473.0
7.0,1989.0,1518.0,1644.0,569.0
5.0,1939.0,992.0,1465.0,240.0
4.0,1961.0,1029.0,1029.0,261.0
5.0,1910.0,1117.0,1347.0,0.0
6.0,1966.0,800.0,1632.0,484.0
6.0,2005.0,547.0,1072.0,525.0
8.0,2006.0,1524.0,1534.0,484.0
5.0,1967.0,882.0,900.0,280.0
6.0,1959.0,1019.0,1357.0,312.0
8.0,1929.0,792.0,1517.0,400.0
6.0,2004.0,848.0,848.0,420.0
5.0,1961.0,552.0,1774.0,384.0
6.0,1954.0,988.0,1626.0,332.0
5.0,1970.0,914.0,914.0,368.0
7.0,2004.0,384.0,1374.0,400.0
7.0,2005.0,1400.0,1400.0,612.0
5.0,1910.0,680.0,1360.0,330.0
5.0,1971.0,950.0,950.0,280.0
6.0,1962.0,912.0,1734.0,440.0
7.0,1920.0,596.0,1762.0,576.0
10.0,2007.0,1057.902708481825,2290.0,463.4402493938345
5.0,1952.0,720.0,882.0,240.0
6.0,1978.0,1224.0,1891.0,678.0
6.0,1953.0,1000.0,1609.0,305.0
6.0,1977.0,1567.0,1567.0,714.0
7.0,1993.0,1347.0,2646.0,656.0
8.0,2006.0,1057.902708481825,2140.0,894.0
8.0,1989.0,1337.0,1337.0,462.0
7.0,1971.0,825.0,1670.0,464.0
5.0,1940.0,672.0,672.0,240.0
7.0,1977.0,908.0,2288.0,520.0
5.0,1963.0,520.0,1464.0,480.0
9.0,2010.0,1856.0,1856.0,834.0
6.0,1970.0,483.0,987.0,280.0
6.0,1978.0,940.0,1026.0,576.0
7.0,2005.0,1364.0,1364.0,484.0
5.0,1924.0,1107.0,1296.0,260.0
6.0,1958.0,1121.0,1336.0,488.0
9.0,2008.0,1104.0,2184.0,836.0
7.0,1945.0,672.0,1668.0,252.0
4.0,1982.0,845.0,845.0,360.0
5.0,1969.0,1248.0,2634.0,463.4402493938345
6.0,1971.0,525.0,1092.0,264.0
4.0,1946.0,1057.902708481825,896.0,280.0
5.0,1910.0,1022.0,1022.0,280.0
6.0,1977.0,957.0,1287.0,541.0
5.0,1923.0,859.0,1828.0,463.4402493938345
5.0,1910.0,856.0,1680.0,450.0
6.0,1958.0,1184.0,1414.0,601.0
7.0,2007.0,689.0,1392.0,540.0
5.0,1971.0,782.0,810.0,576.0
6.0,1965.0,1042.0,1042.0,440.0
4.0,1973.0,546.0,1092.0,286.0
5.0,1961.0,864.0,1144.0,264.0
5.0,1967.0,1073.0,1073.0,270.0
9.0,2007.0,1869.0,1869.0,617.0
6.0,2004.0,839.0,1593.0,398.0
8.0,2006.0,1732.0,1776.0,712.0
6.0,1956.0,882.0,882.0,502.0
7.0,1979.0,539.0,1725.0,550.0
6.0,1959.0,1244.0,1580.0,440.0
4.0,1961.0,1249.0,1622.0,463.4402493938345
6.0,1975.0,675.0,1875.0,485.0
7.0,1993.0,1080.0,2197.0,783.0
7.0,2001.0,944.0,1840.0,622.0
7.0,2003.0,912.0,2014.0,486.0
8.0,2003.0,1518.0,1518.0,588.0
9.0,2005.0,1560.0,1565.0,556.0
5.0,1954.0,1086.0,1086.0,490.0
3.0,1890.0,630.0,725.0,320.0
7.0,1910.0,560.0,1690.0,624.0
8.0,1992.0,1280.0,1280.0,506.0
5.0,1976.0,1142.0,1142.0,528.0
8.0,2005.0,1057.902708481825,2097.0,463.4402493938345
5.0,1940.0,788.0,804.0,240.0
5.0,1956.0,1015.0,1384.0,896.0
6.0,1922.0,588.0,2555.0,672.0
7.0,2006.0,1286.0,1294.0,662.0
7.0,1968.0,832.0,1978.0,486.0
5.0,1971.0,1078.0,1078.0,500.0
6.0,1985.0,1298.0,1298.0,403.0
5.0,1955.0,960.0,960.0,576.0
5.0,1963.0,1572.0,1572.0,463.4402493938345
5.0,1895.0,957.0,1991.0,0.0
7.0,2001.0,1212.0,1212.0,573.0
7.0,1962.0,1045.0,1045.0,528.0
6.0,1988.0,880.0,1680.0,540.0
5.0,1962.0,1025.0,1025.0,0.0
5.0,1958.0,1151.0,1955.0,356.0
7.0,1996.0,384.0,1628.0,390.0
8.0,1998.0,1086.0,1924.0,592.0
6.101845522898154,1951.0,1057.902708481825,1600.0,270.0
6.0,1957.0,1244.0,1244.0,336.0
8.0,2000.0,1058.0,1874.0,588.0
5.0,1974.0,1037.0,1037.0,431.0
7.0,2005.0,1546.0,1546.0,796.0
8.0,1998.0,1141.0,2263.0,420.0
5.0,1972.0,882.0,882.0,461.0
4.0,1946.0,1057.902708481825,930.0,308.0
6.0,1926.0,960.0,986.0,180.0
5.0,1967.0,876.0,902.0,288.0
6.0,1986.0,572.0,1982.0,501.0
8.0,2007.0,1057.902708481825,2122.0,938.0
5.0,1949.0,704.0,1728.0,234.0
6.0,1976.0,1012.0,1034.0,888.0
8.0,2001.0,1055.0,2263.0,905.0
6.0,1920.0,817.0,1550.0,318.0
6.0,1976.0,1143.0,1113.0,504.0
5.0,1941.0,672.0,1210.0,240.0
9.0,2007.0,1978.0,1978.0,920.0
8.0,2002.0,1128.0,2031.0,577.0
4.0,1915.0,1313.0,2377.0,528.0
6.0,1980.0,561.0,1229.0,462.0
7.0,1980.0,845.0,2353.0,484.0
6.0,2009.0,612.0,1224.0,528.0
7.0,1980.0,2002.0,2362.0,546.0
5.0,1977.0,1126.0,1126.0,540.0
8.0,2007.0,1838.0,1838.0,524.0
5.0,1978.0,1097.0,1110.0,602.0
6.0,1972.0,672.0,1218.0,264.0
5.0,1923.0,968.0,968.0,480.0
6.0,1984.0,585.0,1868.0,477.0
4.0,1970.0,960.0,960.0,576.0
4.0,1954.0,894.0,894.0,400.0
5.0,1918.0,816.0,1416.0,576.0
5.0,1979.0,1094.0,1229.0,672.0
8.0,2006.0,1302.0,1830.0,859.0
6.0,1997.0,616.0,1688.0,603.0
6.0,1960.0,1138.0,1138.0,480.0
7.0,2006.0,1510.0,1525.0,534.0
10.0,1893.0,1237.0,1458.492119089317,880.0
5.0,1966.0,1040.0,1040.0,264.0
8.0,2006.0,1079.0,1919.0,685.0
10.0,2007.0,1057.902708481825,2084.0,463.4402493938345
7.0,2005.0,756.0,1553.0,615.0
6.0,1952.0,1632.0,1474.0,495.0
7.0,1954.0,1385.0,1363.0,439.0
4.0,1961.0,1040.0,1120.0,544.0
7.0,2005.0,1734.0,1734.0,660.0
5.0,1970.0,1652.0,1652.0,928.0
7.0,1967.0,1334.0,1334.0,477.0
5.0,1950.0,1078.0,1078.0,240.0
7.0,1931.0,1040.0,1818.0,240.0
8.0,1994.0,1290.0,2494.0,803.0
7.0,2003.0,1057.902708481825,1922.0,672.0
9.0,2005.0,1792.0,1792.0,925.0
7.0,1931.0,952.0,1774.0,468.0
6.0,1991.0,836.0,1709.0,416.0
6.0,1998.0,952.0,1636.0,440.0
6.0,1997.0,926.0,1604.0,470.0
6.0,2004.0,848.0,848.0,420.0
5.0,1952.0,732.0,732.0,240.0
7.0,2007.0,1282.0,1290.0,662.0
6.0,1957.0,1331.0,1721.0,464.0
5.0,1951.0,884.0,884.0,270.0
7.0,1929.0,832.0,854.0,576.0
5.0,1992.0,828.0,883.0,698.0
6.0,1966.0,1104.0,1988.0,480.0
5.0,1958.0,864.0,864.0,624.0
5.0,1939.0,728.0,1274.0,224.0
5.0,1959.0,1143.0,1143.0,308.0
4.0,1968.0,1768.0,1768.0,0.0
7.0,2005.0,1368.0,1368.0,474.0
6.0,1992.0,1158.0,1167.0,400.0
6.0,1915.0,663.0,1595.0,528.0
8.0,2003.0,1008.0,2283.0,632.0
5.0,1960.0,1242.0,1242.0,324.0
7.0,2000.0,814.0,1674.0,663.0
5.0,1923.0,624.0,792.0,287.0
6.0,1990.0,930.0,1458.492119089317,473.0
6.0,1964.0,1921.0,1921.0,576.0
8.0,2002.0,1822.0,1828.0,523.0
5.0,1962.0,864.0,864.0,294.0
5.0,1920.0,967.0,967.0,180.0
6.0,1993.0,763.0,1655.0,440.0
6.0,1974.0,1103.0,1103.0,462.0
4.0,1930.0,930.0,1755.0,231.0
8.0,2005.0,1570.0,1590.0,754.0
8.0,2004.0,1378.0,1378.0,540.0
5.0,1954.0,1089.0,1089.0,252.0
7.0,1928.0,689.0,1378.0,360.0
6.0,1927.0,720.0,1930.0,316.0
7.0,1965.0,768.0,1986.0,486.0
7.0,2004.0,840.0,1680.0,588.0
5.0,1996.0,870.0,914.0,576.0
5.0,1958.0,858.0,858.0,0.0
8.0,2004.0,1136.0,2468.0,872.0
7.0,1999.0,1490.0,1501.0,577.0
5.0,2004.0,1430.0,1430.0,624.0
5.0,1968.0,900.0,1770.0,530.0
7.0,2005.0,960.0,2318.0,541.0
5.0,1925.0,680.0,764.0,504.0
4.0,1971.0,864.0,864.0,528.0
4.0,1954.0,954.0,1482.0,609.0
8.0,1985.0,1488.0,1502.0,528.0
5.0,1953.0,1165.0,1336.0,375.0
7.0,2003.0,1434.0,2149.0,670.0
5.0,1971.64190345772,780.0,1020.0,0.0
5.0,1940.0,822.0,908.0,512.0
6.0,1978.0,672.0,1386.0,440.0
5.0,1955.0,1056.0,1056.0,572.0
9.0,1977.0,994.0,1458.492119089317,864.0
6.0,1952.0,948.0,948.0,410.0
8.0,1995.0,1128.0,2020.0,466.0
7.0,1991.0,1104.0,2127.0,833.0
8.0,2001.0,1753.0,1788.0,522.0
6.0,1969.0,973.0,1082.0,480.0
6.0,1968.0,702.0,1743.0,539.0
6.0,2009.0,1218.0,1218.0,676.0
6.0,1940.0,720.0,1090.0,240.0
8.0,1978.0,1057.0,1295.0,571.0
6.0,1971.0,1232.0,1320.0,495.0
6.0,1940.0,572.0,1196.0,576.0
5.0,1961.0,1800.0,1800.0,0.0
5.0,1924.0,1026.0,1691.0,308.0
6.0,1977.0,902.0,926.0,351.0
7.0,2005.0,1208.0,1208.0,632.0
5.0,1967.0,912.0,941.0,288.0
8.0,2002.0,1348.0,1358.0,418.0
8.0,2007.0,1363.0,1372.0,588.0
5.0,1954.0,936.0,936.0,240.0
7.0,1994.0,754.0,1540.0,495.0
5.0,1956.0,936.0,936.0,308.0
5.0,1966.0,864.0,1120.0,656.0
5.0,1960.0,1273.0,1273.0,307.0
7.0,1953.0,1304.0,2287.0,667.0
7.0,2004.0,868.0,1630.0,436.0
5.0,1994.0,990.0,990.0,384.0
8.0,2006.0,1108.0,2550.0,670.0
8.0,2005.0,1058.0,1904.0,736.0
8.0,1999.0,1090.0,2214.0,646.0
6.0,1926.0,644.0,1316.0,369.0
6.0,1997.0,1838.0,1838.0,721.0
6.0,1928.0,784.0,784.0,360.0
5.0,1925.0,702.0,1472.0,250.0
7.0,1961.0,944.0,999.0,588.0
6.0,1974.0,1064.0,1350.0,478.0
4.0,1976.0,1281.0,1620.0,490.0
4.0,1971.0,858.0,858.0,684.0
5.0,1966.0,1059.0,1059.0,286.0
5.0,1920.0,915.0,1167.0,495.0
6.0,1965.0,1088.0,1324.0,440.0
5.0,1962.0,864.0,1812.0,264.0
6.0,1910.0,1020.0,1928.0,440.0
9.0,2006.0,1612.0,1612.0,556.0
8.0,2008.0,1622.0,1630.0,860.0
7.0,1971.64190345772,819.0,2454.0,576.0
4.0,1920.0,960.0,960.0,308.0
7.0,2004.0,1860.0,1836.0,484.0
7.0,1994.0,712.0,1895.0,409.0
6.0,1957.0,998.0,1790.0,540.0
5.0,1959.0,1188.0,1188.0,531.0
5.0,1920.0,720.0,846.0,576.0
5.0,1921.0,1073.0,1073.0,326.0
5.0,1957.0,1314.0,1314.0,294.0
6.0,1934.0,816.0,816.0,240.0
6.0,1977.0,1069.0,1069.0,440.0
5.0,1961.0,964.0,964.0,784.0
9.0,2007.0,1776.0,1458.492119089317,754.0
7.0,1976.0,1228.0,1324.0,585.0
8.0,2006.0,1298.0,1828.0,876.0
7.0,1990.0,1054.0,1061.0,462.0
3.0,1915.0,672.0,1214.0,936.0
5.0,1950.0,709.0,1203.0,352.0
8.0,1971.64190345772,684.0,2358.0,0.0
5.0,1959.0,1466.0,1466.0,528.0
7.0,1941.0,1152.0,2340.0,252.0
4.0,1971.0,864.0,864.0,576.0
5.0,1962.0,1040.0,1040.0,260.0
9.0,2005.0,1848.0,1458.492119089317,706.0
8.0,1992.0,1057.902708481825,1458.492119089317,546.0
8.0,2004.0,1594.0,1646.0,525.0
5.0,1954.0,1056.0,1063.0,280.0
8.0,1999.0,970.0,1739.0,480.0
5.0,1959.0,960.0,960.0,392.0
6.0,1979.0,918.0,918.0,264.0
4.0,1954.0,1364.0,1663.0,529.0
7.0,2003.0,1405.0,1405.0,478.0
5.0,1965.0,864.0,1200.0,884.0
6.0,1971.0,1258.0,1258.0,528.0
6.0,1920.0,972.0,1480.0,207.0
5.0,1905.0,572.0,1540.0,0.0
5.0,1971.0,796.0,796.0,0.0
8.0,2003.0,1054.0,2048.0,552.0
6.0,2000.0,982.0,1889.0,431.0
7.0,2005.0,1142.0,1142.0,440.0
5.0,1968.0,952.0,1211.0,322.0
5.0,1978.0,1360.0,1432.0,588.0
7.0,1926.0,572.0,1111.0,288.0
6.0,2003.0,1682.0,1700.0,544.0
8.0,1976.0,966.0,1743.0,529.0
6.0,1978.0,1427.0,1671.0,484.0
5.0,1941.0,768.0,1376.0,240.0
5.0,1971.0,864.0,874.0,352.0
5.0,1923.0,1296.0,2592.0,0.0
5.0,1930.0,837.0,1001.0,216.0
5.0,1982.0,816.0,816.0,264.0
8.0,2007.0,955.0,1874.0,880.0
5.0,1964.0,1624.0,1582.0,390.0
5.0,1949.0,845.0,893.0,576.0
6.0,1962.0,1135.0,1207.0,264.0
9.0,2006.0,2036.0,2640.0,792.0
4.0,1929.0,704.0,1136.0,336.0
8.0,2002.0,967.0,1908.0,431.0
6.0,1997.0,384.0,1384.0,390.0
5.0,1963.0,1728.0,1728.0,504.0
5.0,1966.0,955.0,955.0,386.0
6.0,2001.0,1337.0,1337.0,511.0
4.0,1890.0,925.0,1544.0,0.0
6.0,1977.0,689.0,1392.0,299.0
5.0,1970.0,768.0,768.0,624.0
4.0,1916.0,1196.0,1196.0,440.0
6.0,1963.0,1045.0,1045.0,264.0
4.0,1956.0,672.0,960.0,288.0
7.0,1929.0,672.0,1344.0,456.0
5.0,1958.0,1604.0,1604.0,576.0
5.0,1956.0,1008.0,1008.0,308.0
7.0,1974.0,1192.0,2167.0,518.0
8.0,2006.0,1518.0,1537.0,788.0
7.0,2002.0,817.0,1894.0,510.0
6.0,1948.0,972.0,972.0,240.0
5.0,1962.0,864.0,1211.0,576.0
5.0,1965.0,1024.0,1020.0,288.0
6.0,1977.0,1610.0,1610.0,480.0
7.0,2003.0,1553.0,1553.0,588.0
5.0,1968.0,864.0,864.0,280.0
5.0,1890.0,1088.0,1869.0,456.0
6.0,1972.0,483.0,948.0,264.0
7.0,2005.0,600.0,1223.0,480.0
5.0,1994.0,990.0,990.0,672.0
7.0,2003.0,1122.0,2486.0,452.0
7.0,1998.0,1153.0,2031.0,541.0
4.0,1920.0,1147.0,1657.0,162.0
7.0,2002.0,831.0,1660.0,493.0
4.0,1925.0,765.0,765.0,200.0
7.0,2003.0,1129.0,2327.0,596.0
8.0,2000.0,1107.0,2052.0,642.0
6.0,1918.0,1100.0,2264.0,408.0
6.0,1993.0,903.0,1642.0,392.0
5.0,1966.0,1232.0,1232.0,490.0
4.0,1955.0,1005.0,1005.0,672.0
5.0,1976.0,1680.0,1680.0,528.0
7.0,1968.0,1057.902708481825,2110.0,522.0
7.0,1994.0,948.0,2110.0,463.0
6.0,1999.0,953.0,1647.0,460.0
6.0,2005.0,684.0,1560.0,400.0
6.0,1998.0,926.0,1604.0,470.0
5.0,1953.0,1152.0,1152.0,636.0
5.0,1940.0,840.0,1567.0,440.0
7.0,1996.0,1306.0,2260.0,533.0
10.0,2003.0,1057.902708481825,2470.0,789.0
5.0,1964.0,1250.0,1298.0,504.0
6.0,1953.0,1809.0,2259.0,450.0
7.0,2006.0,625.0,1250.0,625.0
8.0,1993.0,1286.0,1458.492119089317,704.0
6.0,1914.0,676.0,1264.0,400.0
5.0,1982.0,816.0,816.0,816.0
5.0,1955.0,1763.0,1779.0,454.0
6.0,1996.0,1491.0,1491.0,571.0
4.0,1966.0,1056.0,1056.0,384.0
8.0,1910.0,725.0,1772.0,816.0
5.0,1977.0,716.0,1432.0,531.0
6.0,1927.0,845.0,1296.0,576.0
8.0,1997.0,1779.0,2551.0,925.0
3.0,1949.0,448.0,1588.0,0.0
6.0,1954.0,1296.0,1640.0,924.0
5.0,1967.0,1584.0,1584.0,792.0
7.0,1998.0,1502.0,1502.0,286.0
7.0,2003.0,746.0,1656.0,397.0
6.0,1967.0,1829.0,1829.0,535.0
9.0,2001.0,1419.0,1419.0,588.0
7.0,1979.0,1332.0,1524.0,586.0
8.0,2005.0,1595.0,1595.0,880.0
4.0,1900.0,938.0,1951.0,576.0
6.0,1984.0,1190.0,1522.0,552.0
7.0,2004.0,835.0,1812.0,478.0
5.0,1962.0,1728.0,1728.0,0.0
7.0,2003.0,840.0,1668.0,500.0
4.0,1948.0,1057.902708481825,869.0,390.0
7.0,2004.0,1365.0,1548.0,388.0
5.0,1922.0,1022.0,1022.0,184.0
8.0,2004.0,1420.0,1914.0,746.0
8.0,2002.0,1922.0,1922.0,692.0
5.0,1953.0,1073.0,1630.0,649.0
8.0,2002.0,870.0,2004.0,644.0
6.0,1979.0,1259.0,1353.0,478.0
6.0,1930.0,697.0,1801.0,365.0
6.0,1946.0,979.0,1958.0,492.0
7.0,1978.0,945.0,1857.0,482.0
8.0,1996.0,1325.0,2538.0,933.0
7.0,1926.0,1276.0,2080.0,282.0
7.0,1981.0,725.0,1479.0,484.0
5.0,1969.0,720.0,1308.0,484.0
7.0,1976.0,803.0,1964.0,483.0
6.0,2005.0,738.0,1476.0,540.0
5.0,1924.0,949.0,949.0,370.0
5.0,2005.0,768.0,1536.0,400.0
7.0,1990.0,1424.0,1442.0,500.0
5.0,1996.0,1097.0,1097.0,242.0
4.0,1971.0,864.0,864.0,0.0
7.0,2005.0,1145.0,1145.0,397.0
8.0,2005.0,1082.0,1953.0,463.4402493938345
6.0,1910.0,741.0,1521.0,640.0
6.0,2002.0,860.0,1960.0,440.0
4.0,1956.0,1200.0,1200.0,294.0
2.0,1941.0,480.0,540.0,200.0
6.0,1964.0,1008.0,1488.0,430.0
6.0,1954.0,854.0,1278.0,240.0
5.0,1959.0,1144.0,1144.0,796.0
6.0,1963.0,1394.0,1394.0,514.0
5.0,1966.0,894.0,894.0,384.0
6.0,1963.0,780.0,1796.0,483.0
5.0,1966.0,864.0,892.0,264.0
5.0,1985.0,1216.0,2432.0,616.0
8.0,2002.0,1671.0,2250.0,756.0
8.0,1980.0,728.0,788.0,484.0
7.0,2004.0,1358.0,1358.0,484.0
7.0,1992.0,836.0,1737.0,506.0
9.0,2005.0,1398.0,1458.492119089317,670.0
8.0,2006.0,1511.0,1565.0,476.0
6.0,2000.0,924.0,1690.0,463.0
9.0,2000.0,1519.0,2172.0,687.0
5.0,1961.0,1057.902708481825,925.0,300.0
10.0,2008.0,1017.0,2007.0,812.0
8.0,1995.0,1401.0,1511.0,811.0
6.0,1964.0,1251.0,1251.0,461.0
5.0,1956.0,1048.0,1728.0,576.0
5.0,1976.0,456.0,1033.0,504.0
8.0,1992.0,1334.0,1458.492119089317,888.0
8.0,1998.0,1629.0,2475.0,463.4402493938345
6.0,1962.0,1595.0,2486.0,576.0
6.0,1957.0,1105.0,1105.0,308.0
8.0,1992.0,1390.0,2225.0,713.0
6.0,1969.0,1248.0,2544.0,907.0
5.0,1961.0,864.0,1187.0,440.0
4.0,1958.0,960.0,960.0,0.0
8.0,2006.0,1554.0,1554.0,627.0
6.0,1993.0,1181.0,1190.0,430.0
5.0,1959.0,1678.0,1678.0,0.0
5.0,1956.0,925.0,925.0,252.0
6.0,1910.0,926.0,1650.0,468.0
5.0,1958.0,960.0,960.0,624.0
6.0,1915.0,698.0,1403.0,308.0
7.0,2003.0,847.0,1928.0,434.0
5.0,1951.0,1056.0,1216.0,280.0
8.0,2005.0,1822.0,1822.0,678.0
6.0,1990.0,816.0,816.0,0.0
6.0,1920.0,662.0,1324.0,180.0
7.0,2003.0,856.0,1710.0,548.0
7.0,2006.0,1494.0,1494.0,840.0
7.0,2009.0,756.0,1547.0,614.0
5.0,1967.0,1214.0,1214.0,318.0
8.0,1994.0,2062.0,1458.492119089317,618.0
6.0,1966.0,1517.0,1888.0,578.0
5.0,1949.0,768.0,1716.0,281.0
10.0,2008.0,1057.902708481825,1458.492119089317,463.4402493938345
7.0,1999.0,988.0,1873.0,597.0
6.0,1927.0,1204.0,1666.0,384.0
5.0,2003.0,1114.0,1114.0,576.0
7.0,1983.0,1260.0,1260.0,598.0
5.0,1919.0,793.0,1517.0,0.0
6.0,1962.0,1116.0,1116.0,440.0
6.0,1992.0,936.0,996.0,564.0
5.0,1924.0,784.0,784.0,0.0
5.0,1920.0,939.0,1513.0,180.0
7.0,2009.0,1502.0,1502.0,644.0
6.0,1910.0,796.0,1609.0,228.0
8.0,2002.0,1284.0,2169.0,647.0
5.0,1930.0,742.0,935.0,308.0
2.0,1922.0,498.0,498.0,216.0
8.0,1998.0,1028.0,2452.0,683.0
9.0,2008.0,1736.0,1736.0,834.0
6.0,1997.0,635.0,1308.0,497.0
8.0,1976.0,392.0,2499.0,527.0
10.0,2006.0,1850.0,1458.492119089317,736.0
5.0,1925.0,768.0,1015.0,450.0
8.0,1999.0,776.0,1441.0,492.0
5.0,1987.0,1200.0,1200.0,0.0
6.0,1974.0,1116.0,1116.0,528.0
5.0,1920.0,458.0,835.0,366.0
5.0,1959.0,1626.0,1712.0,588.0
4.0,1900.0,570.0,1141.0,252.0
7.0,1998.0,1649.0,1661.0,598.0
6.0,1978.0,918.0,1683.0,440.0
7.0,2006.0,738.0,1491.0,484.0
8.0,2006.0,1709.0,1717.0,908.0
6.0,1960.0,1478.0,1478.0,498.0
8.0,2008.0,1694.0,1694.0,776.0
7.0,1930.0,531.0,1098.0,216.0
8.0,2007.0,1638.0,1646.0,800.0
5.0,1972.0,864.0,864.0,576.0
4.0,1958.0,1057.902708481825,943.0,308.0
4.0,1923.0,440.0,869.0,0.0
7.0,2005.0,600.0,1200.0,480.0
5.0,1936.0,896.0,1344.0,240.0
9.0,2003.0,1057.902708481825,2452.0,886.0
6.0,2004.0,848.0,848.0,420.0
7.0,1971.64190345772,1240.0,2640.0,864.0
9.0,2005.0,1910.0,2000.0,722.0
5.0,1954.0,1008.0,1008.0,275.0
5.0,1963.0,925.0,999.0,308.0
6.101845522898154,1946.0,1057.902708481825,334.0,0.0
9.0,2001.0,1310.0,1310.0,545.0
5.0,1920.0,816.0,1012.0,429.0
6.0,1973.0,483.0,987.0,264.0
9.0,2001.0,1357.0,1947.0,725.0
6.0,1964.0,845.0,2154.0,539.0
4.0,1971.0,858.0,872.0,480.0
5.0,1948.0,1559.0,1559.0,812.0
6.0,2002.0,1010.0,2267.0,390.0
7.0,2008.0,1436.0,1436.0,529.0
5.0,1971.0,630.0,1302.0,280.0
8.0,2009.0,832.0,1935.0,552.0
5.0,1967.0,864.0,900.0,288.0
8.0,2001.0,1531.0,2439.0,560.0
8.0,1988.0,1166.0,1179.0,480.0
7.0,2002.0,872.0,1909.0,529.0
5.0,1978.0,941.0,941.0,564.0
6.0,1958.0,1395.0,1570.0,441.0
8.0,1994.0,1463.0,2622.0,712.0
5.0,1978.0,1040.0,1040.0,0.0
6.0,1910.0,485.0,1635.0,255.0
6.0,2006.0,728.0,1456.0,429.0
7.0,1958.0,1312.0,1312.0,495.0
6.0,1969.0,663.0,1352.0,299.0
4.0,1954.0,948.0,948.0,280.0
6.0,1977.0,1602.0,1602.0,529.0
5.0,1968.0,1040.0,1040.0,686.0
7.0,2005.0,784.0,1585.0,449.0
6.0,2003.0,848.0,848.0,420.0
5.0,1968.0,1052.0,1052.0,288.0
5.0,1950.0,1057.902708481825,1040.0,625.0
7.0,1999.0,994.0,1804.0,442.0
5.0,1953.0,1216.0,1728.0,371.0
7.0,2006.0,1352.0,1352.0,466.0
2.0,1940.0,1057.902708481825,612.0,308.0
6.0,1971.0,1010.0,1052.0,440.0
6.0,1997.0,794.0,1470.0,388.0
7.0,1975.0,1176.0,1193.0,506.0
6.0,1986.0,1256.0,1256.0,578.0
5.0,1921.0,731.0,1343.0,186.0
6.0,1915.0,1138.0,2180.0,720.0
6.0,1980.0,988.0,1102.0,582.0
6.0,1950.0,1032.0,1252.0,288.0
5.0,1940.0,735.0,1034.0,240.0
5.0,1924.0,1145.0,1301.0,440.0
7.0,2005.0,1541.0,1541.0,532.0
7.0,2001.0,944.0,1870.0,608.0
7.0,2004.0,1114.0,1114.0,576.0
5.0,1958.0,1062.0,1352.0,288.0
5.0,1947.0,1046.0,1054.0,240.0
6.0,1991.0,1278.0,1294.0,496.0
5.0,1973.0,1176.0,1178.0,439.0
7.0,1977.0,1386.0,1411.0,544.0
6.0,1963.0,1380.0,1380.0,364.0
6.0,1993.0,680.0,1470.0,420.0
9.0,2006.0,1838.0,1838.0,765.0
6.0,1915.0,810.0,1716.0,672.0
4.0,1969.0,936.0,936.0,288.0
7.0,2005.0,1373.0,1555.0,430.0
5.0,1941.0,576.0,1350.0,627.0
8.0,2005.0,1868.0,2028.0,880.0
5.0,1930.0,780.0,1200.0,0.0
5.0,1945.0,913.0,1558.0,288.0
7.0,1989.0,807.0,1982.0,575.0
4.0,1920.0,649.0,1317.0,250.0
6.0,1968.0,1054.0,2654.0,619.0
5.0,1953.0,773.0,773.0,240.0
8.0,2006.0,1976.0,1976.0,908.0
5.0,1947.0,832.0,1216.0,336.0
5.0,1977.0,1967.0,1967.0,580.0
7.0,1993.0,996.0,1744.0,457.0
7.0,1999.0,600.0,1252.0,462.0
5.0,1979.0,1057.902708481825,1513.0,400.0
8.0,1998.0,1220.0,2362.0,463.4402493938345
6.0,1957.0,1477.0,1839.0,416.0
6.0,1964.0,1246.0,1246.0,441.0
7.0,2006.0,728.0,1456.0,440.0
5.0,1954.0,1268.0,1268.0,244.0
6.0,1993.0,886.0,1680.0,474.0
6.0,1980.0,561.0,1229.0,462.0
6.0,1960.0,1561.0,1561.0,463.0
8.0,2007.0,866.0,1768.0,578.0
7.0,1931.0,776.0,1502.0,270.0
5.0,1961.0,1114.0,1114.0,451.0
8.0,1994.0,1629.0,2448.0,711.0
7.0,1990.0,1309.0,1339.0,484.0
5.0,1930.0,687.0,1358.0,336.0
6.0,1949.0,1040.0,1846.0,315.0
5.0,1984.0,1060.0,1126.0,506.0
4.0,1959.0,876.0,876.0,320.0
8.0,2008.0,1254.0,1254.0,810.0
4.0,1970.0,630.0,630.0,0.0
5.0,1966.0,988.0,988.0,360.0
7.0,2000.0,673.0,1382.0,490.0
5.0,1961.0,912.0,1236.0,288.0
8.0,1994.0,1165.0,2526.0,844.0
5.0,1950.0,1200.0,1200.0,246.0
5.0,1927.0,1008.0,1028.0,360.0
9.0,2009.0,1930.0,1940.0,606.0
7.0,2002.0,1654.0,1654.0,900.0
4.0,1910.0,677.0,1510.0,720.0
7.0,1992.0,750.0,1923.0,564.0
8.0,2001.0,1491.0,1491.0,490.0
4.0,1957.0,907.0,907.0,352.0
5.0,1972.0,1153.0,1193.0,501.0
7.0,1990.0,1223.0,2503.0,564.0
6.0,1974.0,1430.0,1430.0,484.0
5.0,1954.0,1050.0,1795.0,352.0
4.0,1967.0,1832.0,1832.0,0.0
8.0,2007.0,1702.0,1702.0,844.0
6.0,1976.0,1078.0,958.0,440.0
7.0,1996.0,1264.0,2344.0,889.0
7.0,2006.0,1220.0,1364.0,437.0
5.0,1976.0,1437.0,1437.0,528.0
5.0,1966.0,1228.0,1228.0,271.0
7.0,1921.0,1228.0,1424.0,312.0
4.0,1900.0,1095.0,1774.0,779.0
4.0,1946.0,484.0,1242.0,336.0
5.0,1956.0,1898.0,1898.0,484.0
4.0,1960.0,1100.0,1100.0,312.0
6.0,1924.0,572.0,1096.0,0.0
5.0,1941.0,728.0,1355.0,528.0
7.0,2005.0,1616.0,1616.0,834.0
6.0,1973.0,672.0,1218.0,264.0
5.0,1973.0,1656.0,1656.0,506.0
6.0,1980.0,516.0,1032.0,462.0
7.0,1990.0,1188.0,1217.0,497.0
7.0,1915.0,910.0,1826.0,164.0
3.0,1938.0,972.0,1610.0,480.0
6.0,1916.0,952.0,952.0,192.0
5.0,1976.0,1728.0,1728.0,560.0
5.0,1972.0,1001.0,1641.0,490.0
4.0,1963.0,1051.0,1382.0,459.0
6.0,1966.0,1127.0,1165.0,490.0
7.0,2003.0,998.0,2046.0,871.0
6.0,2003.0,848.0,848.0,420.0
8.0,2004.0,1148.0,2332.0,756.0
9.0,2000.0,1614.0,1638.0,495.0
4.0,1972.0,1138.0,1181.0,588.0
7.0,2006.0,879.0,1863.0,660.0
4.0,1949.0,1057.902708481825,1126.0,520.0
6.0,1959.0,1194.0,1194.0,312.0
4.0,1925.0,641.0,641.0,272.0
7.0,2002.0,1431.0,1444.0,577.0
6.0,1900.0,917.0,2007.0,357.0
7.0,2002.0,916.0,1861.0,492.0
8.0,2001.0,1581.0,1601.0,670.0
6.0,1980.0,923.0,923.0,264.0
5.0,1970.0,1180.0,1180.0,477.0
5.0,1965.0,828.0,965.0,300.0
6.0,1968.0,1488.0,1488.0,552.0
6.0,1966.0,697.0,2201.0,432.0
5.0,1971.0,1043.0,1050.0,336.0
6.0,1920.0,319.0,1406.0,0.0
7.0,2006.0,1035.0,2322.0,617.0
3.0,1945.0,370.0,670.0,0.0
5.0,1965.0,925.0,925.0,429.0
8.0,2006.0,1489.0,1500.0,674.0
6.0,1940.0,884.0,1436.0,828.0
5.0,1962.0,999.0,999.0,264.0
7.0,1997.0,1417.0,1417.0,511.0
4.0,1910.0,616.0,1273.0,275.0
8.0,1987.0,1191.0,1204.0,461.0
5.0,1940.0,740.0,778.0,924.0
9.0,2009.0,1590.0,2334.0,751.0
7.0,2006.0,770.0,1576.0,614.0
4.0,1972.0,385.0,875.0,728.0
5.0,1965.0,935.0,935.0,288.0
4.0,1970.0,630.0,630.0,286.0
7.0,1986.0,1277.0,1501.0,512.0
7.0,2007.0,1428.0,1428.0,480.0
5.0,1920.0,961.0,1077.0,338.0
6.0,1964.0,1302.0,1302.0,309.0
5.0,1949.0,832.0,1268.0,288.0
5.0,1923.0,1324.0,1576.0,528.0
6.0,1974.0,855.0,1322.0,440.0
6.0,1925.0,672.0,1482.0,400.0
7.0,1977.0,808.0,1969.0,534.0
9.0,2007.0,1800.0,1800.0,702.0
6.0,1953.0,1505.0,1505.0,505.0
7.0,1988.0,980.0,1714.0,496.0
7.0,1976.0,836.0,836.0,345.0
6.0,1999.0,938.0,2299.0,482.0
5.0,1942.0,976.0,976.0,215.0
6.0,1974.0,1208.0,1494.0,461.0
4.0,1977.0,1440.0,1440.0,0.0
5.0,1922.0,1040.0,2128.0,0.0
6.0,1964.0,1302.0,1128.0,480.0
6.0,1992.0,1168.0,1187.0,420.0
8.0,2000.0,1160.0,2234.0,768.0
5.0,1957.0,1216.0,1526.0,364.0
8.0,2003.0,1603.0,1575.0,732.0
6.0,1974.0,1522.0,2614.0,624.0
7.0,2002.0,1494.0,1494.0,530.0
6.0,1935.0,1836.0,1458.492119089317,836.0
6.0,1928.0,672.0,2009.0,795.0
5.0,1971.64190345772,636.0,1750.0,240.0
5.0,1976.0,1057.902708481825,1872.0,484.0
7.0,2005.0,1362.0,1506.0,440.0
8.0,2001.0,1568.0,1568.0,564.0
8.0,2006.0,1694.0,1694.0,856.0
7.0,2001.0,1492.0,1492.0,608.0
5.0,1910.0,661.0,1250.0,552.0
5.0,1950.0,1078.0,1368.0,195.0
8.0,2000.0,1455.0,1458.492119089317,810.0
6.0,1954.0,1178.0,1293.0,452.0
8.0,2006.0,1795.0,1795.0,895.0
5.0,1984.0,833.0,833.0,495.0
8.0,2008.0,768.0,1590.0,676.0
6.0,1920.0,611.0,1362.0,502.0
6.0,1950.0,1488.0,1488.0,738.0
5.0,1954.0,1057.902708481825,1124.0,0.0
8.0,2006.0,1623.0,1636.0,865.0
7.0,2007.0,1689.0,1689.0,954.0
4.0,1945.0,1057.902708481825,998.0,460.0
6.0,1993.0,799.0,1571.0,380.0
5.0,1972.0,864.0,864.0,297.0
5.0,1920.0,973.0,2350.0,393.0
9.0,2005.0,1922.0,1922.0,676.0
6.0,1986.0,676.0,1400.0,465.0
9.0,2005.0,1090.0,2206.0,670.0
6.0,1992.0,836.0,1731.0,462.0
7.0,1990.0,1156.0,1717.0,400.0
5.0,1953.0,1036.0,1036.0,312.0
7.0,1962.0,1438.0,2448.0,441.0
9.0,2007.0,1620.0,1620.0,912.0
8.0,1992.0,1105.0,2202.0,517.0
5.0,1975.0,969.0,969.0,440.0
8.0,1988.0,1228.0,1228.0,472.0
6.0,2000.0,936.0,1792.0,451.0
5.0,1964.0,912.0,912.0,288.0
6.0,1996.0,916.0,1636.0,386.0
5.0,1971.0,765.0,1365.0,440.0
4.0,1920.0,576.0,985.0,676.0
5.0,1958.0,1052.0,1920.0,451.0
6.0,1970.0,1442.0,1442.0,615.0
6.0,1997.0,1478.0,1493.0,508.0
5.0,1910.0,801.0,1447.0,0.0
5.0,1965.0,1219.0,1265.0,502.0
4.0,1945.0,1057.902708481825,1529.0,240.0
6.0,2000.0,982.0,1800.0,463.0
5.0,1963.0,912.0,912.0,300.0
6.0,1994.0,1408.0,1679.0,575.0
8.0,2006.0,1460.0,1460.0,480.0
7.0,2005.0,1113.0,1971.0,689.0
6.0,1959.0,988.0,988.0,297.0
9.0,1981.0,1842.0,1842.0,894.0
7.0,1972.0,725.0,1479.0,484.0
9.0,2004.0,1884.0,1884.0,670.0
5.0,1958.0,1560.0,1560.0,484.0
5.0,1962.0,912.0,912.0,352.0
6.0,1954.0,994.0,1855.0,325.0
6.0,1971.0,715.0,1645.0,441.0
5.0,1936.0,927.0,1539.0,576.0
5.0,1950.0,1057.902708481825,1640.0,394.0
5.0,1910.0,264.0,1432.0,360.0
7.0,2004.0,1393.0,1576.0,668.0
6.0,1994.0,928.0,1721.0,471.0
8.0,2005.0,1498.0,1498.0,844.0
4.0,1959.0,950.0,1225.0,0.0
5.0,1939.0,676.0,1352.0,720.0
3.0,1918.0,1020.0,1020.0,0.0
5.0,1961.0,1150.0,1150.0,288.0
7.0,1932.0,637.0,1609.0,579.0
6.0,1958.0,1215.0,1215.0,297.0
5.0,1977.0,1122.0,1934.0,567.0
6.0,2003.0,848.0,848.0,420.0
9.0,2003.0,1057.902708481825,1458.492119089317,958.0
6.0,1969.0,952.0,2112.0,576.0
7.0,2000.0,1630.0,1630.0,451.0
6.0,1978.0,456.0,1034.0,504.0
3.0,1949.0,1057.902708481825,720.0,287.0
8.0,2007.0,1034.0,2078.0,836.0
5.0,1997.0,928.0,1629.0,482.0
5.0,1976.0,550.0,1475.0,336.0
7.0,1997.0,964.0,2236.0,642.0
5.0,1968.0,882.0,909.0,294.0
7.0,2003.0,764.0,1626.0,474.0
6.0,1997.0,928.0,1764.0,470.0
5.0,1958.0,1029.0,1339.0,294.0
6.0,2005.0,1362.0,1362.0,460.0
7.0,1976.0,1047.0,1083.0,596.0
4.0,1971.0,858.0,858.0,0.0
5.0,1926.0,768.0,789.0,200.0
6.0,1993.0,1199.0,1199.0,530.0
8.0,1977.0,1694.0,1694.0,642.0
7.0,2003.0,764.0,1626.0,474.0
5.0,1978.0,907.0,907.0,343.0
3.0,1948.0,649.0,1183.0,308.0
5.0,1962.0,1140.0,1696.0,349.0
7.0,1992.0,1449.0,1759.0,525.0
8.0,2007.0,1563.0,1563.0,758.0
6.0,1999.0,744.0,1549.0,440.0
8.0,1980.0,1235.0,1235.0,484.0
5.0,1955.0,1078.0,1150.0,288.0
6.0,1998.0,1204.0,1204.0,412.0
4.0,1970.0,864.0,864.0,463.0
5.0,1952.0,1444.0,1624.0,240.0
6.0,1971.0,672.0,1218.0,0.0
6.0,1978.0,1542.0,2073.0,500.0
5.0,1959.0,1148.0,1148.0,672.0
6.0,1978.0,855.0,1456.0,440.0
6.0,1969.0,938.0,988.0,540.0
8.0,2006.0,900.0,1795.0,782.0
8.0,2006.0,1670.0,1670.0,928.0
6.0,1942.0,771.0,1494.0,213.0
7.0,2006.0,625.0,1250.0,528.0
7.0,1966.0,1174.0,1200.0,440.0
8.0,2004.0,1512.0,1512.0,845.0
8.0,2007.0,1582.0,2161.0,789.0
6.0,1932.0,952.0,2345.0,360.0
7.0,1987.0,1433.0,1433.0,528.0
4.0,1940.0,861.0,861.0,539.0
6.0,1935.0,1127.0,2108.0,540.0
5.0,1966.0,1051.0,1051.0,264.0
5.0,1955.0,1057.902708481825,827.0,392.0
8.0,2007.0,1694.0,1694.0,818.0
6.0,1966.0,1562.0,1567.0,542.0
7.0,2005.0,784.0,1611.0,572.0
5.0,1923.0,1100.0,1902.0,576.0
6.0,2008.0,1145.0,1256.0,641.0
6.0,2000.0,915.0,1690.0,442.0
5.0,1983.0,840.0,884.0,504.0
5.0,1920.0,671.0,2654.0,638.0
5.0,1952.0,1140.0,2461.0,400.0
5.0,1977.0,264.0,1304.0,336.0
5.0,1950.0,910.0,1435.0,308.0
5.0,1972.0,796.0,796.0,336.0
6.0,1998.0,1216.0,1216.0,402.0
6.0,1922.0,738.0,1470.0,624.0
6.0,1995.0,754.0,1609.0,525.0
6.0,1997.0,926.0,1604.0,470.0
5.0,1892.0,994.0,2372.0,432.0
5.0,1961.0,1313.0,1313.0,610.0
5.0,1920.0,1008.0,1245.0,315.0
4.0,1922.0,796.0,1154.0,240.0
6.0,1965.0,1187.0,1565.0,299.0
5.0,1968.0,1051.0,1159.0,336.0
9.0,2005.0,1414.0,2331.0,463.4402493938345
7.0,2006.0,1498.0,1498.0,675.0
7.0,2004.0,860.0,1720.0,565.0
5.0,1967.0,1584.0,1584.0,506.0
9.0,2008.0,1858.0,1866.0,870.0
7.0,1968.0,570.0,1920.0,487.0
7.0,1941.0,918.0,1646.0,240.0
6.0,1958.0,1080.0,1080.0,288.0
8.0,1988.0,559.0,1752.0,492.0
5.0,1968.0,864.0,874.0,288.0
6.0,1992.0,816.0,1730.0,528.0
5.0,1924.0,768.0,792.0,240.0
7.0,1900.0,712.0,1428.0,576.0
6.0,1924.0,848.0,1827.0,240.0
4.0,1955.0,784.0,784.0,0.0
9.0,2008.0,1057.902708481825,2036.0,780.0
9.0,2006.0,1094.0,2473.0,675.0
6.0,1939.0,560.0,1258.0,280.0
5.0,1978.0,1319.0,1373.0,591.0
5.0,1948.0,409.0,1325.0,576.0
8.0,2007.0,955.0,1880.0,880.0
5.0,1962.0,988.0,988.0,624.0
8.0,1981.0,1686.0,1707.0,511.0
5.0,2007.0,1120.0,1120.0,0.0
5.0,1951.0,1342.0,1342.0,256.0
10.0,2005.0,1994.0,2046.0,878.0
5.0,1972.0,630.0,1302.0,264.0
7.0,2007.0,1386.0,1569.0,660.0
5.0,1991.0,1582.0,1595.0,672.0
5.0,2006.0,1140.0,1140.0,0.0
6.0,1962.0,1362.0,1382.0,884.0
5.0,1968.0,1461.0,1721.0,440.0
5.0,1960.0,1118.0,1118.0,264.0
9.0,1993.0,1848.0,1458.492119089317,636.0
5.0,1950.0,1164.0,1164.0,240.0
3.0,1905.0,738.0,1376.0,216.0
6.0,1930.0,768.0,790.0,160.0
7.0,1920.0,793.0,1802.0,216.0
5.0,1948.0,924.0,1122.0,528.0
7.0,1998.0,1108.0,2097.0,583.0
5.0,1984.0,876.0,923.0,264.0
7.0,1967.0,710.0,1458.492119089317,564.0
8.0,2007.0,918.0,2100.0,786.0
7.0,1965.0,1057.902708481825,2036.0,513.0
6.0,1945.0,780.0,1340.0,440.0
6.0,2003.0,848.0,848.0,420.0
5.0,1958.0,1056.0,1056.0,308.0
5.0,1958.0,912.0,912.0,297.0
5.0,1937.0,731.0,1768.0,240.0
6.0,2005.0,600.0,1236.0,480.0
8.0,1992.0,908.0,1915.0,506.0
5.0,1908.0,504.0,1252.0,576.0
7.0,1990.0,1673.0,1458.492119089317,594.0
7.0,2003.0,530.0,1080.0,496.0
5.0,1977.0,985.0,985.0,328.0
7.0,2001.0,920.0,1786.0,608.0
7.0,1979.0,780.0,1930.0,481.0
6.0,1967.0,1680.0,1724.0,480.0
6.0,1968.0,896.0,2142.0,509.0
8.0,2006.0,1935.0,1973.0,895.0
7.0,2007.0,1316.0,1316.0,440.0
6.0,1921.0,651.0,1298.0,240.0
5.0,1970.0,765.0,1365.0,440.0
6.0,1961.0,912.0,912.0,288.0
7.0,1987.0,1501.0,1501.0,512.0
7.0,1978.0,1061.0,1055.0,319.0
5.0,1968.0,948.0,948.0,300.0
7.0,2001.0,1541.0,1541.0,843.0
6.0,2005.0,1306.0,1306.0,624.0
5.0,1982.0,816.0,816.0,264.0
5.0,1928.0,1008.0,1143.0,288.0
5.0,1964.0,1420.0,1452.0,572.0
7.0,2004.0,864.0,1728.0,572.0
6.0,1920.0,755.0,1510.0,216.0
6.0,1961.0,1453.0,1453.0,530.0
8.0,2006.0,1054.0,2389.0,672.0
5.0,1966.0,1164.0,1320.0,564.0
8.0,2005.0,1538.0,1538.0,484.0
5.0,1972.0,876.0,876.0,484.0
8.0,1990.0,1312.0,1321.0,484.0
7.0,1998.0,880.0,1724.0,527.0
5.0,1926.0,1290.0,1422.0,352.0
6.0,1964.0,822.0,1851.0,440.0
8.0,1980.0,1226.0,1226.0,484.0
8.0,2007.0,1574.0,1584.0,594.0
5.0,1954.0,1297.0,1297.0,498.0
9.0,2004.0,1833.0,1850.0,772.0
3.0,1929.0,715.0,715.0,660.0
7.0,1975.0,1533.0,1533.0,576.0
5.0,1950.0,876.0,988.0,276.0
6.0,2000.0,794.0,1514.0,394.0
6.0,1999.0,729.0,1458.0,440.0
7.0,2007.0,728.0,1456.0,400.0
5.0,1959.0,1206.0,1206.0,312.0
5.0,1938.0,884.0,1374.0,225.0
4.0,1900.0,1075.0,1798.0,342.0
3.0,1915.0,536.0,1344.0,0.0
9.0,1993.0,1733.0,1458.492119089317,959.0
5.0,1950.0,1168.0,2315.0,342.0
5.0,1925.0,1054.0,1078.0,264.0
7.0,2006.0,1335.0,1335.0,575.0
7.0,1999.0,691.0,1452.0,506.0
5.0,1910.0,840.0,2256.0,0.0
6.0,1993.0,1604.0,1617.0,533.0
5.0,1966.0,1154.0,1154.0,480.0
4.0,1955.0,768.0,768.0,355.0
5.0,1953.0,864.0,1154.0,336.0
6.0,1948.0,780.0,1416.0,312.0
7.0,1987.0,1064.0,1767.0,504.0
7.0,1941.0,1528.0,2133.0,312.0
6.0,1925.0,672.0,1369.0,300.0
4.0,1971.0,864.0,864.0,576.0
6.0,1964.0,533.0,1775.0,480.0
4.0,1915.0,888.0,1962.0,572.0
5.0,1996.0,1040.0,1040.0,576.0
5.0,1977.0,1160.0,1676.0,672.0
7.0,1999.0,1468.0,1479.0,577.0
6.0,2005.0,1326.0,1326.0,388.0
9.0,2007.0,1057.902708481825,2552.0,932.0
8.0,2004.0,1706.0,1458.492119089317,916.0
6.0,1940.0,940.0,1595.0,240.0
5.0,1963.0,864.0,864.0,276.0
6.0,1974.0,1084.0,1877.0,488.0
8.0,2004.0,707.0,1414.0,403.0
6.0,1999.0,941.0,1644.0,460.0
5.0,1979.0,914.0,914.0,444.0
7.0,1997.0,1344.0,1344.0,784.0
8.0,2001.0,1267.0,1312.0,471.0
5.0,1958.0,1866.0,1866.0,495.0
5.0,1961.0,882.0,896.0,730.0
7.0,2007.0,738.0,1476.0,552.0
5.0,1939.0,690.0,1558.0,400.0
8.0,2005.0,1149.0,2541.0,729.0
4.0,1910.0,828.0,1594.0,0.0
6.0,1999.0,840.0,1755.0,530.0
6.0,1977.0,506.0,1212.0,492.0
5.0,1911.0,940.0,1964.0,0.0
8.0,1994.0,1494.0,1494.0,478.0
6.0,2003.0,1114.0,1114.0,576.0
7.0,2004.0,970.0,1709.0,380.0
8.0,1986.0,1074.0,1088.0,461.0
6.0,1910.0,1214.0,2291.0,506.0
4.0,1920.0,840.0,1374.0,338.0
5.0,1959.0,528.0,1183.0,288.0
4.0,1940.0,672.0,672.0,308.0
5.0,2006.0,384.0,1444.0,400.0
5.0,1952.0,1031.0,1031.0,230.0
7.0,1997.0,1418.0,1418.0,558.0
7.0,2007.0,1351.0,1361.0,610.0
3.0,1910.0,600.0,968.0,0.0
5.0,1963.0,1117.0,1117.0,264.0
7.0,1996.0,1117.0,2013.0,455.0
6.0,1999.0,1224.0,1224.0,402.0
6.0,1934.0,816.0,1176.0,528.0
5.0,1928.0,1042.0,1576.0,225.0
7.0,1971.64190345772,1470.0,1458.492119089317,870.0
7.0,1979.0,1524.0,1524.0,478.0
6.0,1918.0,1163.0,1674.0,396.0
5.0,1922.0,816.0,816.0,100.0
4.0,2005.0,1132.0,1132.0,451.0
5.0,1920.0,530.0,1111.0,288.0
6.0,1936.0,1064.0,1639.0,240.0
6.0,1971.0,981.0,981.0,576.0
5.0,1940.0,883.0,1505.0,240.0
7.0,1915.0,756.0,1717.0,642.0
6.0,1957.0,967.0,1638.0,384.0
6.0,1981.0,1440.0,1440.0,467.0
10.0,2007.0,1682.0,2332.0,846.0
5.0,1984.0,1049.0,1049.0,266.0
6.0,1937.0,780.0,1376.0,198.0
4.0,1973.0,462.0,988.0,297.0
5.0,1900.0,954.0,2414.0,520.0
5.0,1974.0,864.0,894.0,440.0
3.0,1949.0,1057.902708481825,1040.0,400.0
5.0,1963.0,970.0,970.0,624.0
9.0,2005.0,1577.0,1577.0,564.0
8.0,1976.0,1426.0,1671.0,550.0
5.0,1962.0,1106.0,1190.0,540.0
10.0,2005.0,1620.0,1458.492119089317,463.4402493938345
5.0,2004.0,1114.0,1114.0,0.0
5.0,1970.0,630.0,1302.0,440.0
5.0,1969.0,1176.0,1176.0,360.0
5.0,1968.0,1051.0,1051.0,504.0
7.0,2003.0,660.0,1320.0,400.0
5.0,1960.0,1144.0,1144.0,336.0
7.0,2004.0,600.0,1200.0,480.0
7.0,1978.0,2048.0,2064.0,550.0
8.0,1980.0,2014.0,2014.0,864.0
7.0,2002.0,826.0,1762.0,591.0
8.0,2003.0,1068.0,2184.0,570.0
6.0,2004.0,848.0,848.0,420.0
6.0,1960.0,958.0,958.0,301.0
6.0,1998.0,1405.0,1337.0,511.0
4.0,1930.0,1057.902708481825,1092.0,0.0
5.0,1974.0,896.0,1792.0,0.0
7.0,1996.0,1504.0,1504.0,478.0
4.0,1970.0,864.0,864.0,576.0
7.0,2005.0,1310.0,1310.0,400.0
6.0,1976.0,1193.0,1523.0,478.0
4.0,1924.0,596.0,1430.0,370.0
5.0,1910.0,796.0,796.0,0.0
7.0,1910.0,1226.0,2104.0,432.0
9.0,2008.0,1641.0,1641.0,885.0
5.0,1965.0,1499.0,1786.0,529.0
7.0,2000.0,1525.0,1525.0,541.0
6.0,1959.0,1592.0,1652.0,510.0
7.0,1986.0,1453.0,1453.0,445.0
7.0,2000.0,1673.0,1673.0,583.0
7.0,1993.0,1079.0,1879.0,473.0
7.0,2003.0,384.0,1394.0,400.0
8.0,2005.0,1100.0,1964.0,760.0
7.0,1995.0,1070.0,2061.0,647.0
5.0,1956.0,825.0,2071.0,336.0
6.0,1968.0,912.0,1152.0,412.0
6.0,1923.0,1124.0,1068.0,288.0
6.0,2005.0,547.0,1072.0,525.0
5.0,1957.0,1057.902708481825,1340.0,252.0
3.0,1953.0,1057.902708481825,2034.0,463.4402493938345
5.0,2007.0,725.0,1588.0,561.0
6.0,1978.0,1140.0,1707.0,479.0
10.0,2006.0,1410.0,1458.492119089317,641.0
5.0,1967.0,892.0,892.0,288.0
8.0,2006.0,1626.0,1634.0,866.0
6.0,1972.0,689.0,2119.0,583.0
7.0,1925.0,728.0,1641.0,546.0
6.0,1930.0,960.0,1920.0,480.0
6.0,2005.0,600.0,1200.0,480.0
6.0,1976.0,684.0,1398.0,440.0
3.0,1922.0,1007.0,1077.0,210.0
6.0,1916.0,714.0,2526.0,216.0
5.0,1968.0,890.0,890.0,308.0
6.0,1920.0,901.0,1198.0,0.0
7.0,1966.0,924.0,2157.0,487.0
7.0,1998.0,1195.0,1839.0,486.0
6.0,1977.0,660.0,1285.0,528.0
8.0,1993.0,1719.0,1719.0,473.0
7.0,1999.0,992.0,2060.0,390.0
8.0,1981.0,1057.902708481825,2524.0,542.0
4.0,1939.0,732.0,1123.0,264.0
5.0,1987.0,1200.0,1200.0,0.0
7.0,1985.0,1265.0,1240.0,528.0
6.0,1946.0,747.0,1639.0,240.0
8.0,2006.0,1342.0,1342.0,550.0
6.0,2003.0,848.0,848.0,420.0
5.0,1991.0,624.0,1274.0,576.0
6.0,1968.0,1388.0,1388.0,522.0
7.0,1988.0,1204.0,2183.0,786.0
7.0,1986.0,791.0,2093.0,542.0
6.0,1954.0,832.0,832.0,528.0
7.0,2007.0,1314.0,1314.0,626.0
7.0,2000.0,1168.0,1458.492119089317,820.0
7.0,2006.0,1670.0,1670.0,690.0
6.0,1998.0,943.0,1638.0,472.0
5.0,1900.0,680.0,1174.0,576.0
7.0,1921.0,576.0,1710.0,480.0
6.0,1948.0,816.0,1224.0,280.0
6.0,1989.0,1495.0,1495.0,438.0
7.0,1999.0,951.0,1779.0,586.0
8.0,1995.0,1342.0,1458.492119089317,725.0
7.0,1946.0,651.0,1389.0,240.0
4.0,1955.0,1057.902708481825,1152.0,0.0
7.0,2007.0,1218.0,1218.0,462.0
6.0,1959.0,864.0,864.0,288.0
7.0,1979.0,1782.0,1782.0,551.0
8.0,2003.0,1482.0,2262.0,749.0
5.0,1969.0,1040.0,2080.0,504.0
7.0,1975.0,852.0,918.0,360.0
7.0,1975.0,836.0,836.0,308.0
5.0,1982.0,840.0,860.0,528.0
4.0,1926.0,600.0,747.0,528.0
7.0,2007.0,1564.0,1564.0,814.0
6.0,1956.0,988.0,1188.0,621.0
5.0,1975.0,864.0,879.0,440.0
6.0,1925.0,1040.0,1040.0,320.0
6.0,1959.0,655.0,1194.0,539.0
7.0,2003.0,1150.0,2314.0,502.0
7.0,1910.0,925.0,1889.0,308.0
7.0,2009.0,1508.0,1508.0,572.0
5.0,1968.0,894.0,894.0,450.0
6.0,2002.0,1487.0,1419.0,543.0
5.0,1959.0,864.0,864.0,308.0
7.0,2003.0,783.0,1509.0,393.0
5.0,1910.0,481.0,899.0,200.0
8.0,1934.0,965.0,1458.492119089317,380.0
6.0,1954.0,967.0,1299.0,494.0
5.0,1951.0,1008.0,1363.0,288.0
8.0,1925.0,798.0,1512.0,180.0
3.0,1945.0,1057.902708481825,729.0,0.0
5.0,1951.0,876.0,876.0,576.0
6.0,1950.0,932.0,932.0,306.0
5.0,1962.0,912.0,912.0,252.0
5.0,1948.0,896.0,2008.0,230.0
4.0,1885.0,777.0,2290.0,560.0
6.0,2006.0,1100.0,1100.0,0.0
4.0,1970.0,630.0,630.0,286.0
6.0,1989.0,868.0,2559.0,506.0
5.0,1942.0,672.0,1282.0,240.0
5.0,1961.0,1251.0,1433.0,441.0
7.0,2005.0,1346.0,1504.0,437.0
7.0,2004.0,716.0,1432.0,432.0
6.0,1916.0,844.0,2134.0,441.0
5.0,1976.0,1090.0,1178.0,502.0
7.0,1974.0,1053.0,1173.0,528.0
9.0,2008.0,1451.0,1456.0,539.0
7.0,2002.0,952.0,1812.0,469.0
6.0,1993.0,697.0,1501.0,420.0
6.0,1958.0,819.0,1344.0,525.0
5.0,1959.0,1053.0,1053.0,312.0
7.0,2004.0,848.0,1598.0,433.0
7.0,1919.0,818.0,1636.0,288.0
5.0,1912.0,780.0,1716.0,0.0
9.0,2005.0,1175.0,2324.0,736.0
5.0,1963.0,1121.0,1121.0,480.0
9.0,2007.0,1822.0,1828.0,774.0
3.0,1940.0,728.0,1306.0,0.0
5.0,1976.0,1015.0,1025.0,370.0
6.0,2004.0,848.0,848.0,420.0
4.0,1972.0,630.0,630.0,0.0
5.0,1959.0,1248.0,1440.0,480.0
6.0,2005.0,742.0,1484.0,390.0
4.0,1963.0,1088.0,1088.0,520.0
5.0,1969.0,1100.0,1424.0,828.0
7.0,2002.0,707.0,1414.0,403.0
6.0,2003.0,864.0,1728.0,673.0
5.0,1920.0,936.0,1740.0,225.0
5.0,1972.0,768.0,768.0,396.0
